# Symmetric quadrature rules on the reference simplex {ξ >= 0, sum(ξ) <= 1}.
# Each block: "rule D p n" followed by n lines "ξ_1 ... ξ_D w".
rule 2 1 1
0.333333333333333 0.333333333333333 0.5
rule 2 2 3
0.666666666666667 0.166666666666667 0.1666666666666665
0.166666666666667 0.666666666666667 0.1666666666666665
0.166666666666667 0.166666666666667 0.1666666666666665
rule 2 3 4
0.333333333333333 0.333333333333333 -0.28125
0.6 0.2 0.2604166666666665
0.2 0.6 0.2604166666666665
0.2 0.2 0.2604166666666665
rule 2 4 6
0.10810301816807 0.445948490915965 0.1116907948390055
0.445948490915965 0.10810301816807 0.1116907948390055
0.445948490915965 0.445948490915965 0.1116907948390055
0.816847572980459 0.091576213509771 0.054975871827661
0.091576213509771 0.816847572980459 0.054975871827661
0.091576213509771 0.091576213509771 0.054975871827661
rule 2 5 7
0.333333333333333 0.333333333333333 0.1125
0.05971587178977 0.470142064105115 0.066197076394253
0.470142064105115 0.05971587178977 0.066197076394253
0.470142064105115 0.470142064105115 0.066197076394253
0.797426985353087 0.101286507323456 0.0629695902724135
0.101286507323456 0.797426985353087 0.0629695902724135
0.101286507323456 0.101286507323456 0.0629695902724135
rule 2 6 12
0.501426509658179 0.24928674517091 0.0583931378631895
0.24928674517091 0.501426509658179 0.0583931378631895
0.24928674517091 0.24928674517091 0.0583931378631895
0.873821971016996 0.063089014491502 0.0254224531851035
0.063089014491502 0.873821971016996 0.0254224531851035
0.063089014491502 0.063089014491502 0.0254224531851035
0.053145049844817 0.310352451033784 0.041425537809187
0.636502499121399 0.053145049844817 0.041425537809187
0.310352451033784 0.636502499121399 0.041425537809187
0.053145049844817 0.636502499121399 0.041425537809187
0.636502499121399 0.310352451033784 0.041425537809187
0.310352451033784 0.053145049844817 0.041425537809187
rule 2 7 13
0.333333333333333 0.333333333333333 -0.074785022233841
0.47930806784192 0.26034596607904 0.087807628716604
0.26034596607904 0.47930806784192 0.087807628716604
0.26034596607904 0.26034596607904 0.087807628716604
0.869739794195568 0.065130102902216 0.026673617804419
0.065130102902216 0.869739794195568 0.026673617804419
0.065130102902216 0.065130102902216 0.026673617804419
0.048690315425316 0.312865496004874 0.0385568804451285
0.63844418856981 0.048690315425316 0.0385568804451285
0.312865496004874 0.63844418856981 0.0385568804451285
0.048690315425316 0.63844418856981 0.0385568804451285
0.63844418856981 0.312865496004874 0.0385568804451285
0.312865496004874 0.048690315425316 0.0385568804451285
rule 2 8 16
0.333333333333333 0.333333333333333 0.0721578038388935
0.081414823414554 0.459292588292723 0.0475458171336425
0.459292588292723 0.081414823414554 0.0475458171336425
0.459292588292723 0.459292588292723 0.0475458171336425
0.65886138449648 0.17056930775176 0.051608685267359
0.17056930775176 0.65886138449648 0.051608685267359
0.17056930775176 0.17056930775176 0.051608685267359
0.898905543365938 0.050547228317031 0.016229248811599
0.050547228317031 0.898905543365938 0.016229248811599
0.050547228317031 0.050547228317031 0.016229248811599
0.008394777409958 0.263112829634638 0.0136151570872175
0.728492392955404 0.008394777409958 0.0136151570872175
0.263112829634638 0.728492392955404 0.0136151570872175
0.008394777409958 0.728492392955404 0.0136151570872175
0.728492392955404 0.263112829634638 0.0136151570872175
0.263112829634638 0.008394777409958 0.0136151570872175
rule 2 9 19
0.333333333333333 0.333333333333333 0.0485678981413995
0.020634961602525 0.489682519198738 0.0156673501135695
0.489682519198738 0.020634961602525 0.0156673501135695
0.489682519198738 0.489682519198738 0.0156673501135695
0.125820817014127 0.437089591492937 0.038913770502387
0.437089591492937 0.125820817014127 0.038913770502387
0.437089591492937 0.437089591492937 0.038913770502387
0.623592928761935 0.188203535619033 0.039823869463605
0.188203535619033 0.623592928761935 0.039823869463605
0.188203535619033 0.188203535619033 0.039823869463605
0.910540973211095 0.044729513394453 0.012788837829349
0.044729513394453 0.910540973211095 0.012788837829349
0.044729513394453 0.044729513394453 0.012788837829349
0.036838412054736 0.221962989160766 0.0216417696886445
0.741198598784498 0.036838412054736 0.0216417696886445
0.221962989160766 0.741198598784498 0.0216417696886445
0.036838412054736 0.741198598784498 0.0216417696886445
0.741198598784498 0.221962989160766 0.0216417696886445
0.221962989160766 0.036838412054736 0.0216417696886445
rule 2 10 25
0.333333333333333 0.333333333333333 0.045408995191377
0.028844733232685 0.485577633383657 0.0183629788782335
0.485577633383657 0.028844733232685 0.0183629788782335
0.485577633383657 0.485577633383657 0.0183629788782335
0.781036849029926 0.109481575485037 0.022660529717764
0.109481575485037 0.781036849029926 0.022660529717764
0.109481575485037 0.109481575485037 0.022660529717764
0.14170721941488 0.307939838764121 0.03637895842271
0.550352941820999 0.14170721941488 0.03637895842271
0.307939838764121 0.550352941820999 0.03637895842271
0.14170721941488 0.550352941820999 0.03637895842271
0.550352941820999 0.307939838764121 0.03637895842271
0.307939838764121 0.14170721941488 0.03637895842271
0.025003534762686 0.246672560639903 0.0141636212655285
0.728323904597411 0.025003534762686 0.0141636212655285
0.246672560639903 0.728323904597411 0.0141636212655285
0.025003534762686 0.728323904597411 0.0141636212655285
0.728323904597411 0.246672560639903 0.0141636212655285
0.246672560639903 0.025003534762686 0.0141636212655285
0.009540815400299 0.0668032510122 0.0047108334818665
0.9236559335875 0.009540815400299 0.0047108334818665
0.0668032510122 0.9236559335875 0.0047108334818665
0.009540815400299 0.9236559335875 0.0047108334818665
0.9236559335875 0.0668032510122 0.0047108334818665
0.0668032510122 0.009540815400299 0.0047108334818665
rule 2 11 27
-0.069222096541517 0.534611048270758 0.0004635031644805
0.534611048270758 -0.069222096541517 0.0004635031644805
0.534611048270758 0.534611048270758 0.0004635031644805
0.20206139406829 0.398969302965855 0.0385747674574065
0.398969302965855 0.20206139406829 0.0385747674574065
0.398969302965855 0.398969302965855 0.0385747674574065
0.593380199137435 0.203309900431282 0.029661488690387
0.203309900431282 0.593380199137435 0.029661488690387
0.203309900431282 0.203309900431282 0.029661488690387
0.761298175434837 0.119350912282581 0.018092270251709
0.119350912282581 0.761298175434837 0.018092270251709
0.119350912282581 0.119350912282581 0.018092270251709
0.935270103777448 0.032364948111276 0.006829865501339
0.032364948111276 0.935270103777448 0.006829865501339
0.032364948111276 0.032364948111276 0.006829865501339
0.050178138310495 0.356620648261293 0.026168555981102
0.593201213428213 0.050178138310495 0.026168555981102
0.356620648261293 0.593201213428213 0.026168555981102
0.050178138310495 0.593201213428213 0.026168555981102
0.593201213428213 0.356620648261293 0.026168555981102
0.356620648261293 0.050178138310495 0.026168555981102
0.021022016536166 0.171488980304042 0.0103538298195705
0.807489003159792 0.021022016536166 0.0103538298195705
0.171488980304042 0.807489003159792 0.0103538298195705
0.021022016536166 0.807489003159792 0.0103538298195705
0.807489003159792 0.171488980304042 0.0103538298195705
0.171488980304042 0.021022016536166 0.0103538298195705
rule 2 12 33
0.02356522045239 0.488217389773805 0.0128655332202275
0.488217389773805 0.02356522045239 0.0128655332202275
0.488217389773805 0.488217389773805 0.0128655332202275
0.120551215411079 0.43972439229446 0.021846272269019
0.43972439229446 0.120551215411079 0.021846272269019
0.43972439229446 0.43972439229446 0.021846272269019
0.457579229975768 0.271210385012116 0.0314291121089425
0.271210385012116 0.457579229975768 0.0314291121089425
0.271210385012116 0.271210385012116 0.0314291121089425
0.744847708916828 0.127576145541586 0.0173980564653545
0.127576145541586 0.744847708916828 0.0173980564653545
0.127576145541586 0.127576145541586 0.0173980564653545
0.957365299093579 0.02131735045321 0.0030831305257795
0.02131735045321 0.957365299093579 0.0030831305257795
0.02131735045321 0.02131735045321 0.0030831305257795
0.115343494534698 0.275713269685514 0.0201857788831905
0.608943235779788 0.115343494534698 0.0201857788831905
0.275713269685514 0.608943235779788 0.0201857788831905
0.115343494534698 0.608943235779788 0.0201857788831905
0.608943235779788 0.275713269685514 0.0201857788831905
0.275713269685514 0.115343494534698 0.0201857788831905
0.022838332222257 0.28132558098994 0.0111783866011515
0.695836086787803 0.022838332222257 0.0111783866011515
0.28132558098994 0.695836086787803 0.0111783866011515
0.022838332222257 0.695836086787803 0.0111783866011515
0.695836086787803 0.28132558098994 0.0111783866011515
0.28132558098994 0.022838332222257 0.0111783866011515
0.02573405054833 0.116251915907597 0.0086581155543295
0.858014033544073 0.02573405054833 0.0086581155543295
0.116251915907597 0.858014033544073 0.0086581155543295
0.02573405054833 0.858014033544073 0.0086581155543295
0.858014033544073 0.116251915907597 0.0086581155543295
0.116251915907597 0.02573405054833 0.0086581155543295
rule 2 13 37
0.333333333333333 0.333333333333333 0.026260461700401
0.009903630120591 0.495048184939705 0.005640072604665
0.495048184939705 0.009903630120591 0.005640072604665
0.495048184939705 0.495048184939705 0.005640072604665
0.062566729780852 0.468716635109574 0.015711759181227
0.468716635109574 0.062566729780852 0.015711759181227
0.468716635109574 0.468716635109574 0.015711759181227
0.170957326397447 0.414521336801277 0.023536251252097
0.414521336801277 0.170957326397447 0.023536251252097
0.414521336801277 0.414521336801277 0.023536251252097
0.541200855914337 0.229399572042831 0.0236817932681775
0.229399572042831 0.541200855914337 0.0236817932681775
0.229399572042831 0.229399572042831 0.0236817932681775
0.77115100960734 0.11442449519633 0.015583764522897
0.11442449519633 0.77115100960734 0.015583764522897
0.11442449519633 0.11442449519633 0.015583764522897
0.950377217273082 0.024811391363459 0.003987885732537
0.024811391363459 0.950377217273082 0.003987885732537
0.024811391363459 0.024811391363459 0.003987885732537
0.094853828379579 0.268794997058761 0.018424201364366
0.63635117456166 0.094853828379579 0.018424201364366
0.268794997058761 0.63635117456166 0.018424201364366
0.094853828379579 0.63635117456166 0.018424201364366
0.63635117456166 0.268794997058761 0.018424201364366
0.268794997058761 0.094853828379579 0.018424201364366
0.018100773278807 0.291730066734288 0.008700731651911
0.690169159986905 0.018100773278807 0.008700731651911
0.291730066734288 0.690169159986905 0.008700731651911
0.018100773278807 0.690169159986905 0.008700731651911
0.690169159986905 0.291730066734288 0.008700731651911
0.291730066734288 0.018100773278807 0.008700731651911
0.02223307667409 0.126357385491669 0.0077608934195225
0.851409537834241 0.02223307667409 0.0077608934195225
0.126357385491669 0.851409537834241 0.0077608934195225
0.02223307667409 0.851409537834241 0.0077608934195225
0.851409537834241 0.126357385491669 0.0077608934195225
0.126357385491669 0.02223307667409 0.0077608934195225
rule 2 14 42
0.022072179275643 0.488963910362179 0.0109417906847145
0.488963910362179 0.022072179275643 0.0109417906847145
0.488963910362179 0.488963910362179 0.0109417906847145
0.164710561319092 0.417644719340454 0.0163941767720625
0.417644719340454 0.164710561319092 0.0163941767720625
0.417644719340454 0.417644719340454 0.0163941767720625
0.453044943382323 0.273477528308839 0.025887052253646
0.273477528308839 0.453044943382323 0.025887052253646
0.273477528308839 0.273477528308839 0.025887052253646
0.645588935174913 0.177205532412543 0.0210812943684965
0.177205532412543 0.645588935174913 0.0210812943684965
0.177205532412543 0.177205532412543 0.0210812943684965
0.876400233818255 0.061799883090873 0.0072168498348885
0.061799883090873 0.876400233818255 0.0072168498348885
0.061799883090873 0.061799883090873 0.0072168498348885
0.961218077502598 0.019390961248701 0.0024617018012
0.019390961248701 0.961218077502598 0.0024617018012
0.019390961248701 0.019390961248701 0.0024617018012
0.057124757403648 0.172266687821356 0.012332876606282
0.770608554774996 0.057124757403648 0.012332876606282
0.172266687821356 0.770608554774996 0.012332876606282
0.057124757403648 0.770608554774996 0.012332876606282
0.770608554774996 0.172266687821356 0.012332876606282
0.172266687821356 0.057124757403648 0.012332876606282
0.092916249356972 0.336861459796345 0.0192857553935305
0.570222290846683 0.092916249356972 0.0192857553935305
0.336861459796345 0.570222290846683 0.0192857553935305
0.092916249356972 0.570222290846683 0.0192857553935305
0.570222290846683 0.336861459796345 0.0192857553935305
0.336861459796345 0.092916249356972 0.0192857553935305
0.014646950055654 0.298372882136258 0.007218154056767
0.686980167808088 0.014646950055654 0.007218154056767
0.298372882136258 0.686980167808088 0.007218154056767
0.014646950055654 0.686980167808088 0.007218154056767
0.686980167808088 0.298372882136258 0.007218154056767
0.298372882136258 0.014646950055654 0.007218154056767
0.001268330932872 0.118974497696957 0.0025051144192505
0.879757171370171 0.001268330932872 0.0025051144192505
0.118974497696957 0.879757171370171 0.0025051144192505
0.001268330932872 0.879757171370171 0.0025051144192505
0.879757171370171 0.118974497696957 0.0025051144192505
0.118974497696957 0.001268330932872 0.0025051144192505
rule 2 15 48
-0.013945833716486 0.506972916858243 0.0009584378214245
0.506972916858243 -0.013945833716486 0.0009584378214245
0.506972916858243 0.506972916858243 0.0009584378214245
0.137187291433955 0.431406354283023 0.0221245136355725
0.431406354283023 0.137187291433955 0.0221245136355725
0.431406354283023 0.431406354283023 0.0221245136355725
0.444612710305711 0.277693644847144 0.025593274359426
0.277693644847144 0.444612710305711 0.025593274359426
0.277693644847144 0.277693644847144 0.025593274359426
0.747070217917492 0.126464891041254 0.011843867935344
0.126464891041254 0.747070217917492 0.011843867935344
0.126464891041254 0.126464891041254 0.011843867935344
0.858383228050628 0.070808385974686 0.0066448878450105
0.070808385974686 0.858383228050628 0.0066448878450105
0.070808385974686 0.070808385974686 0.0066448878450105
0.962069659517853 0.018965170241073 0.002374458304096
0.018965170241073 0.962069659517853 0.002374458304096
0.018965170241073 0.018965170241073 0.002374458304096
0.133734161966621 0.261311371140087 0.0192750362997965
0.604954466893291 0.133734161966621 0.0192750362997965
0.261311371140087 0.604954466893291 0.0192750362997965
0.133734161966621 0.604954466893291 0.0192750362997965
0.604954466893291 0.261311371140087 0.0192750362997965
0.261311371140087 0.133734161966621 0.0192750362997965
0.036366677396917 0.388046767090269 0.013607907160312
0.575586555512814 0.036366677396917 0.013607907160312
0.388046767090269 0.575586555512814 0.013607907160312
0.036366677396917 0.575586555512814 0.013607907160312
0.575586555512814 0.388046767090269 0.013607907160312
0.388046767090269 0.036366677396917 0.013607907160312
-0.010174883126571 0.285712220049916 0.0010910386833985
0.724462663076655 -0.010174883126571 0.0010910386833985
0.285712220049916 0.724462663076655 0.0010910386833985
-0.010174883126571 0.724462663076655 0.0010910386833985
0.724462663076655 0.285712220049916 0.0010910386833985
0.285712220049916 -0.010174883126571 0.0010910386833985
0.036843869875878 0.215599664072284 0.0107526599238655
0.747556466051838 0.036843869875878 0.0107526599238655
0.215599664072284 0.747556466051838 0.0107526599238655
0.036843869875878 0.747556466051838 0.0107526599238655
0.747556466051838 0.215599664072284 0.0107526599238655
0.215599664072284 0.036843869875878 0.0107526599238655
0.012459809331199 0.103575616576386 0.0038369713155245
0.883964574092416 0.012459809331199 0.0038369713155245
0.103575616576386 0.883964574092416 0.0038369713155245
0.012459809331199 0.883964574092416 0.0038369713155245
0.883964574092416 0.103575616576386 0.0038369713155245
0.103575616576386 0.012459809331199 0.0038369713155245
rule 2 16 52
0.333333333333333 0.333333333333333 0.023437848713821
0.005238916103123 0.497380541948438 0.0032029392892925
0.497380541948438 0.005238916103123 0.0032029392892925
0.497380541948438 0.497380541948438 0.0032029392892925
0.173061122901295 0.413469438549352 0.0208551483696935
0.413469438549352 0.173061122901295 0.0208551483696935
0.413469438549352 0.413469438549352 0.0208551483696935
0.059082801866017 0.470458599066991 0.013445742125032
0.470458599066991 0.059082801866017 0.013445742125032
0.470458599066991 0.470458599066991 0.013445742125032
0.518892500060958 0.240553749969521 0.021066261380825
0.240553749969521 0.518892500060958 0.021066261380825
0.240553749969521 0.240553749969521 0.021066261380825
0.704068411554854 0.147965794222573 0.0150001334213865
0.147965794222573 0.704068411554854 0.0150001334213865
0.147965794222573 0.147965794222573 0.0150001334213865
0.849069624685052 0.075465187657474 0.007100049462512
0.075465187657474 0.849069624685052 0.007100049462512
0.075465187657474 0.075465187657474 0.007100049462512
0.96680719475395 0.016596402623025 0.0017912311756365
0.016596402623025 0.96680719475395 0.0017912311756365
0.016596402623025 0.016596402623025 0.0017912311756365
0.103575692245252 0.296555596579887 0.0163865737303135
0.599868711174861 0.103575692245252 0.0163865737303135
0.296555596579887 0.599868711174861 0.0163865737303135
0.103575692245252 0.599868711174861 0.0163865737303135
0.599868711174861 0.296555596579887 0.0163865737303135
0.296555596579887 0.103575692245252 0.0163865737303135
0.020083411655416 0.337723063403079 0.0076491531242205
0.642193524941505 0.020083411655416 0.0076491531242205
0.337723063403079 0.642193524941505 0.0076491531242205
0.020083411655416 0.642193524941505 0.0076491531242205
0.642193524941505 0.337723063403079 0.0076491531242205
0.337723063403079 0.020083411655416 0.0076491531242205
-0.004341002614139 0.204748281642812 0.0011931220964195
0.799592720971327 -0.004341002614139 0.0011931220964195
0.204748281642812 0.799592720971327 0.0011931220964195
-0.004341002614139 0.799592720971327 0.0011931220964195
0.799592720971327 0.204748281642812 0.0011931220964195
0.204748281642812 -0.004341002614139 0.0011931220964195
0.04194178646801 0.189358492130623 0.0095423963779495
0.768699721401368 0.04194178646801 0.0095423963779495
0.189358492130623 0.768699721401368 0.0095423963779495
0.04194178646801 0.768699721401368 0.0095423963779495
0.768699721401368 0.189358492130623 0.0095423963779495
0.189358492130623 0.04194178646801 0.0095423963779495
0.014317320230681 0.085283615682657 0.003425027273271
0.900399064086661 0.014317320230681 0.003425027273271
0.085283615682657 0.900399064086661 0.003425027273271
0.014317320230681 0.900399064086661 0.003425027273271
0.900399064086661 0.085283615682657 0.003425027273271
0.085283615682657 0.014317320230681 0.003425027273271
rule 2 17 61
0.333333333333333 0.333333333333333 0.0167185996454015
0.005658918886452 0.497170540556774 0.0025467077202535
0.497170540556774 0.005658918886452 0.0025467077202535
0.497170540556774 0.497170540556774 0.0025467077202535
0.035647354750751 0.482176322624625 0.007335432263819
0.482176322624625 0.035647354750751 0.007335432263819
0.482176322624625 0.482176322624625 0.007335432263819
0.099520061958437 0.450239969020782 0.012175439176836
0.450239969020782 0.099520061958437 0.012175439176836
0.450239969020782 0.450239969020782 0.012175439176836
0.199467521245206 0.400266239377397 0.0155537754344845
0.400266239377397 0.199467521245206 0.0155537754344845
0.400266239377397 0.400266239377397 0.0155537754344845
0.495717464058095 0.252141267970953 0.01562855560931
0.252141267970953 0.495717464058095 0.01562855560931
0.252141267970953 0.252141267970953 0.01562855560931
0.675905990683077 0.162047004658461 0.0124078271698325
0.162047004658461 0.675905990683077 0.0124078271698325
0.162047004658461 0.162047004658461 0.0124078271698325
0.848248235478508 0.075875882260746 0.0070280365352785
0.075875882260746 0.848248235478508 0.0070280365352785
0.075875882260746 0.075875882260746 0.0070280365352785
0.968690546064356 0.015654726967822 0.0015973380868895
0.015654726967822 0.968690546064356 0.0015973380868895
0.015654726967822 0.015654726967822 0.0015973380868895
0.010186928826919 0.334319867363658 0.0040598276594965
0.655493203809423 0.010186928826919 0.0040598276594965
0.334319867363658 0.655493203809423 0.0040598276594965
0.010186928826919 0.655493203809423 0.0040598276594965
0.655493203809423 0.334319867363658 0.0040598276594965
0.334319867363658 0.010186928826919 0.0040598276594965
0.135440871671036 0.292221537796944 0.0134028711415815
0.57233759053202 0.135440871671036 0.0134028711415815
0.292221537796944 0.57233759053202 0.0134028711415815
0.135440871671036 0.57233759053202 0.0134028711415815
0.57233759053202 0.292221537796944 0.0134028711415815
0.292221537796944 0.135440871671036 0.0134028711415815
0.054423924290583 0.31957488542319 0.009229996605411
0.626001190286228 0.054423924290583 0.009229996605411
0.31957488542319 0.626001190286228 0.009229996605411
0.054423924290583 0.626001190286228 0.009229996605411
0.626001190286228 0.31957488542319 0.009229996605411
0.31957488542319 0.054423924290583 0.009229996605411
0.012868560833637 0.190704224192292 0.004238434267164
0.796427214974071 0.012868560833637 0.004238434267164
0.190704224192292 0.796427214974071 0.004238434267164
0.012868560833637 0.796427214974071 0.004238434267164
0.796427214974071 0.190704224192292 0.004238434267164
0.190704224192292 0.012868560833637 0.004238434267164
0.067165782413524 0.180483211648746 0.0091463983850125
0.752351005937729 0.067165782413524 0.0091463983850125
0.180483211648746 0.752351005937729 0.0091463983850125
0.067165782413524 0.752351005937729 0.0091463983850125
0.752351005937729 0.180483211648746 0.0091463983850125
0.180483211648746 0.067165782413524 0.0091463983850125
0.014663182224828 0.080711313679564 0.0033328160020825
0.904625504095608 0.014663182224828 0.0033328160020825
0.080711313679564 0.904625504095608 0.0033328160020825
0.014663182224828 0.904625504095608 0.0033328160020825
0.904625504095608 0.080711313679564 0.0033328160020825
0.080711313679564 0.014663182224828 0.0033328160020825
rule 2 18 100
0.012876518427908 0.0130467357414143 0.00109676863059922
0.0665880753571852 0.0130467357414143 0.00245853077133362
0.158203886528673 0.0130467357414143 0.00360405286995697
0.279606132654044 0.0130467357414143 0.00442953856811741
0.420010624718163 0.0130467357414143 0.004861484384484765
0.566942639540423 0.0130467357414143 0.00486148438448478
0.707347131604541 0.0130467357414143 0.00442953856811741
0.828749377729912 0.0130467357414143 0.003604052869956985
0.9203651889014 0.0130467357414143 0.002458530771333615
0.974076745830678 0.0130467357414143 0.001096768630599225
0.0121664944430918 0.0674683166555077 0.002322964948566485
0.0629163429031798 0.0674683166555077 0.0052071883234478
0.149480367469124 0.0674683166555077 0.0076334135168658
0.264188373451698 0.0674683166555077 0.0093817989911312
0.396850822703577 0.0674683166555077 0.0102966637703628
0.535680860640916 0.0674683166555077 0.01029666377036285
0.668343309892794 0.0674683166555077 0.0093817989911312
0.783051315875368 0.0674683166555077 0.00763341351686585
0.869615340441313 0.0674683166555077 0.0052071883234478
0.920365188901401 0.0674683166555077 0.00232296494856649
0.0109554064196 0.160295215850488 0.003066346246399095
0.056653468274144 0.160295215850488 0.0068735614714078
0.134600659625933 0.160295215850488 0.01007621268633345
0.23789029913541 0.160295215850488 0.0123841059843278
0.35734714473477 0.160295215850488 0.01359174029817775
0.482357639414742 0.160295215850488 0.0135917402981778
0.601814485014102 0.160295215850488 0.0123841059843278
0.705104124523579 0.160295215850488 0.0100762126863335
0.783051315875368 0.160295215850488 0.0068735614714078
0.828749377729912 0.160295215850488 0.0030663462463991
0.00935056546008234 0.283302302935376 0.003216606303251365
0.0483543871718291 0.283302302935376 0.00721038636151415
0.114883212050521 0.283302302935376 0.0105699769808524
0.203042108086889 0.283302302935376 0.01299096389264615
0.304999900582235 0.283302302935376 0.01425777586814115
0.411697796482388 0.283302302935376 0.01425777586814115
0.513655588977735 0.283302302935376 0.01299096389264615
0.601814485014102 0.283302302935376 0.0105699769808524
0.668343309892794 0.283302302935376 0.0072103863615141
0.707347131604541 0.283302302935376 0.00321660630325137
0.00749452995039269 0.425562830509184 0.00282953350526186
0.0387563088498999 0.425562830509184 0.00634271896289105
0.0920795300760735 0.425562830509184 0.00929803065638995
0.162739373008427 0.425562830509184 0.01142768624271295
0.244459107798196 0.425562830509184 0.0125420554230216
0.32997806169262 0.425562830509184 0.01254205542302165
0.411697796482388 0.425562830509184 0.01142768624271295
0.482357639414742 0.425562830509184 0.00929803065639
0.535680860640916 0.425562830509184 0.00634271896289105
0.566942639540423 0.425562830509184 0.00282953350526186
0.00555220579102161 0.574437169490816 0.002096215829117
0.0287120078056078 0.574437169490816 0.00469890455968373
0.0682156857744142 0.574437169490816 0.0068883012006377
0.120562929926949 0.574437169490816 0.00846602337367995
0.181103722710989 0.574437169490816 0.00929158642529225
0.244459107798196 0.574437169490816 0.00929158642529225
0.304999900582235 0.574437169490816 0.00846602337367995
0.35734714473477 0.574437169490816 0.0068883012006377
0.396850822703576 0.574437169490816 0.004698904559683725
0.420010624718163 0.574437169490816 0.002096215829117005
0.00369617028133196 0.716697697064623 0.00127148723524556
0.0191139294836785 0.716697697064623 0.002850182259043305
0.0454120037999664 0.716697697064623 0.004178189539207335
0.0802601948484878 0.716697697064623 0.00513517763934595
0.120562929926949 0.716697697064623 0.00563593374825175
0.162739373008427 0.716697697064623 0.00563593374825175
0.203042108086889 0.716697697064623 0.00513517763934595
0.23789029913541 0.716697697064623 0.00417818953920735
0.264188373451698 0.716697697064623 0.0028501822590433
0.279606132654045 0.716697697064623 0.001271487235245565
0.00209132932181427 0.839704784149512 0.00058534933076118
0.0108148483813637 0.839704784149512 0.001312126643218855
0.0256945562245545 0.839704784149512 0.001923495873787545
0.0454120037999664 0.839704784149512 0.00236406053573192
0.0682156857744143 0.839704784149512 0.00259459155884988
0.0920795300760735 0.839704784149512 0.00259459155884989
0.114883212050521 0.839704784149512 0.00236406053573192
0.134600659625933 0.839704784149512 0.001923495873787555
0.149480367469124 0.839704784149512 0.001312126643218855
0.158203886528674 0.839704784149512 0.00058534933076118
0.000880241298322482 0.932531683344492 0.000168065640587604
0.00455197375232785 0.932531683344492 0.0003767381172843825
0.0108148483813637 0.932531683344492 0.00055227459776086
0.0191139294836786 0.932531683344492 0.000678769629426235
0.0287120078056078 0.932531683344492 0.00074495975221198
0.0387563088499 0.932531683344492 0.00074495975221198
0.0483543871718292 0.932531683344492 0.000678769629426235
0.0566534682741441 0.932531683344492 0.00055227459776086
0.0629163429031799 0.932531683344492 0.000376738117284382
0.0665880753571853 0.932531683344492 0.0001680656405876045
0.000170217313506305 0.986953264258586 1.44984073826941e-5
0.000880241298322454 0.986953264258586 3.24998178204726e-5
0.00209132932181424 0.986953264258586 4.764270720330085e-5
0.00369617028133191 0.986953264258586 5.85549703795175e-5
0.00555220579102154 0.986953264258586 6.42649498940875e-5
0.00749452995039259 0.986953264258586 6.42649498940875e-5
0.00935056546008221 0.986953264258586 5.85549703795175e-5
0.0109554064195999 0.986953264258586 4.764270720330105e-5
0.0121664944430917 0.986953264258586 3.24998178204726e-5
0.0128765184279078 0.986953264258586 1.44984073826941e-5
rule 2 19 100
0.012876518427908 0.0130467357414143 0.00109676863059922
0.0665880753571852 0.0130467357414143 0.00245853077133362
0.158203886528673 0.0130467357414143 0.00360405286995697
0.279606132654044 0.0130467357414143 0.00442953856811741
0.420010624718163 0.0130467357414143 0.004861484384484765
0.566942639540423 0.0130467357414143 0.00486148438448478
0.707347131604541 0.0130467357414143 0.00442953856811741
0.828749377729912 0.0130467357414143 0.003604052869956985
0.9203651889014 0.0130467357414143 0.002458530771333615
0.974076745830678 0.0130467357414143 0.001096768630599225
0.0121664944430918 0.0674683166555077 0.002322964948566485
0.0629163429031798 0.0674683166555077 0.0052071883234478
0.149480367469124 0.0674683166555077 0.0076334135168658
0.264188373451698 0.0674683166555077 0.0093817989911312
0.396850822703577 0.0674683166555077 0.0102966637703628
0.535680860640916 0.0674683166555077 0.01029666377036285
0.668343309892794 0.0674683166555077 0.0093817989911312
0.783051315875368 0.0674683166555077 0.00763341351686585
0.869615340441313 0.0674683166555077 0.0052071883234478
0.920365188901401 0.0674683166555077 0.00232296494856649
0.0109554064196 0.160295215850488 0.003066346246399095
0.056653468274144 0.160295215850488 0.0068735614714078
0.134600659625933 0.160295215850488 0.01007621268633345
0.23789029913541 0.160295215850488 0.0123841059843278
0.35734714473477 0.160295215850488 0.01359174029817775
0.482357639414742 0.160295215850488 0.0135917402981778
0.601814485014102 0.160295215850488 0.0123841059843278
0.705104124523579 0.160295215850488 0.0100762126863335
0.783051315875368 0.160295215850488 0.0068735614714078
0.828749377729912 0.160295215850488 0.0030663462463991
0.00935056546008234 0.283302302935376 0.003216606303251365
0.0483543871718291 0.283302302935376 0.00721038636151415
0.114883212050521 0.283302302935376 0.0105699769808524
0.203042108086889 0.283302302935376 0.01299096389264615
0.304999900582235 0.283302302935376 0.01425777586814115
0.411697796482388 0.283302302935376 0.01425777586814115
0.513655588977735 0.283302302935376 0.01299096389264615
0.601814485014102 0.283302302935376 0.0105699769808524
0.668343309892794 0.283302302935376 0.0072103863615141
0.707347131604541 0.283302302935376 0.00321660630325137
0.00749452995039269 0.425562830509184 0.00282953350526186
0.0387563088498999 0.425562830509184 0.00634271896289105
0.0920795300760735 0.425562830509184 0.00929803065638995
0.162739373008427 0.425562830509184 0.01142768624271295
0.244459107798196 0.425562830509184 0.0125420554230216
0.32997806169262 0.425562830509184 0.01254205542302165
0.411697796482388 0.425562830509184 0.01142768624271295
0.482357639414742 0.425562830509184 0.00929803065639
0.535680860640916 0.425562830509184 0.00634271896289105
0.566942639540423 0.425562830509184 0.00282953350526186
0.00555220579102161 0.574437169490816 0.002096215829117
0.0287120078056078 0.574437169490816 0.00469890455968373
0.0682156857744142 0.574437169490816 0.0068883012006377
0.120562929926949 0.574437169490816 0.00846602337367995
0.181103722710989 0.574437169490816 0.00929158642529225
0.244459107798196 0.574437169490816 0.00929158642529225
0.304999900582235 0.574437169490816 0.00846602337367995
0.35734714473477 0.574437169490816 0.0068883012006377
0.396850822703576 0.574437169490816 0.004698904559683725
0.420010624718163 0.574437169490816 0.002096215829117005
0.00369617028133196 0.716697697064623 0.00127148723524556
0.0191139294836785 0.716697697064623 0.002850182259043305
0.0454120037999664 0.716697697064623 0.004178189539207335
0.0802601948484878 0.716697697064623 0.00513517763934595
0.120562929926949 0.716697697064623 0.00563593374825175
0.162739373008427 0.716697697064623 0.00563593374825175
0.203042108086889 0.716697697064623 0.00513517763934595
0.23789029913541 0.716697697064623 0.00417818953920735
0.264188373451698 0.716697697064623 0.0028501822590433
0.279606132654045 0.716697697064623 0.001271487235245565
0.00209132932181427 0.839704784149512 0.00058534933076118
0.0108148483813637 0.839704784149512 0.001312126643218855
0.0256945562245545 0.839704784149512 0.001923495873787545
0.0454120037999664 0.839704784149512 0.00236406053573192
0.0682156857744143 0.839704784149512 0.00259459155884988
0.0920795300760735 0.839704784149512 0.00259459155884989
0.114883212050521 0.839704784149512 0.00236406053573192
0.134600659625933 0.839704784149512 0.001923495873787555
0.149480367469124 0.839704784149512 0.001312126643218855
0.158203886528674 0.839704784149512 0.00058534933076118
0.000880241298322482 0.932531683344492 0.000168065640587604
0.00455197375232785 0.932531683344492 0.0003767381172843825
0.0108148483813637 0.932531683344492 0.00055227459776086
0.0191139294836786 0.932531683344492 0.000678769629426235
0.0287120078056078 0.932531683344492 0.00074495975221198
0.0387563088499 0.932531683344492 0.00074495975221198
0.0483543871718292 0.932531683344492 0.000678769629426235
0.0566534682741441 0.932531683344492 0.00055227459776086
0.0629163429031799 0.932531683344492 0.000376738117284382
0.0665880753571853 0.932531683344492 0.0001680656405876045
0.000170217313506305 0.986953264258586 1.44984073826941e-5
0.000880241298322454 0.986953264258586 3.24998178204726e-5
0.00209132932181424 0.986953264258586 4.764270720330085e-5
0.00369617028133191 0.986953264258586 5.85549703795175e-5
0.00555220579102154 0.986953264258586 6.42649498940875e-5
0.00749452995039259 0.986953264258586 6.42649498940875e-5
0.00935056546008221 0.986953264258586 5.85549703795175e-5
0.0109554064195999 0.986953264258586 4.764270720330105e-5
0.0121664944430917 0.986953264258586 3.24998178204726e-5
0.0128765184279078 0.986953264258586 1.44984073826941e-5
rule 2 20 121
0.0107671730954413 0.0108856709269716 0.00076631369658422
0.0558540004288161 0.0108856709269716 0.00172869470382154
0.133455258979163 0.0108856709269716 0.00256440479014971
0.237834454754113 0.0108856709269716 0.003210062428802135
0.361252665608499 0.0108856709269716 0.003617673894183435
0.494557164536514 0.0108856709269716 0.003756989679703435
0.627861663464529 0.0108856709269716 0.003617673894183425
0.751279874318915 0.0108856709269716 0.003210062428802145
0.855659070093865 0.0108856709269716 0.0025644047901497
0.933260328644212 0.0108856709269716 0.001728694703821535
0.978347155977587 0.0108856709269716 0.00076631369658422
0.0102709712398355 0.0564687001159522 0.001649028340867335
0.0532799860231669 0.0564687001159522 0.003719973389508225
0.12730501447591 0.0564687001159522 0.0055183356310376
0.226873927164383 0.0564687001159522 0.00690772453192915
0.344604447786741 0.0564687001159522 0.0077848625257721
0.471765649942024 0.0564687001159522 0.00808465578234145
0.598926852097306 0.0564687001159522 0.00778486252577205
0.716657372719664 0.0564687001159522 0.0069077245319292
0.816226285408138 0.0564687001159522 0.00551833563103755
0.890251313860881 0.0564687001159522 0.003719973389508225
0.933260328644212 0.0564687001159522 0.00164902834086734
0.00941693269315955 0.134923997212975 0.00224281964196155
0.0488497173788872 0.134923997212975 0.00505948210761195
0.116719512189048 0.134923997212975 0.00750540863216315
0.208009199135289 0.134923997212975 0.00939509641982365
0.315950343428585 0.134923997212975 0.0105880791433752
0.432538001393512 0.134923997212975 0.01099582362398715
0.549125659358439 0.134923997212975 0.0105880791433752
0.657066803651735 0.134923997212975 0.00939509641982365
0.748356490597976 0.134923997212975 0.0075054086321631
0.816226285408138 0.134923997212975 0.00505948210761195
0.855659070093865 0.134923997212975 0.002242819641961555
0.00826819028449086 0.240451935396594 0.00246503021277407
0.0428906918837416 0.240451935396594 0.00556075754952175
0.102481260951671 0.240451935396594 0.00824901775040485
0.182634802160626 0.240451935396594 0.0103259290642452
0.277408541086354 0.240451935396594 0.0116371082611155
0.379774032301703 0.240451935396594 0.01208525061059185
0.482139523517052 0.240451935396594 0.01163710826111545
0.57691326244278 0.240451935396594 0.0103259290642452
0.657066803651735 0.240451935396594 0.0082490177504048
0.716657372719664 0.240451935396594 0.00556075754952175
0.751279874318915 0.240451935396594 0.002465030212774075
0.00690991451164312 0.365228422023827 0.002321669496554705
0.0358447258788663 0.365228422023827 0.00523735616446345
0.085645918617733 0.365228422023827 0.00776927308574475
0.152632054459121 0.365228422023827 0.0097253958218495
0.231836621769812 0.365228422023827 0.0109603197307395
0.317385788988086 0.365228422023827 0.0113823991103357
0.40293495620636 0.365228422023827 0.01096031973073945
0.482139523517052 0.365228422023827 0.00972539582184955
0.549125659358439 0.365228422023827 0.0077692730857447
0.598926852097306 0.365228422023827 0.00523735616446345
0.62786166346453 0.365228422023827 0.00232166949655471
0.00544283546348581 0.5 0.001899168563872885
0.0282343500579761 0.5 0.00428425415422624
0.0674619986064876 0.5 0.00635540899791565
0.120225967698297 0.5 0.0079555535546668
0.182614211011914 0.5 0.00896574413951075
0.25 0.5 0.0093110128740906
0.317385788988086 0.5 0.0089657441395107
0.379774032301703 0.5 0.00795555355466685
0.432538001393512 0.5 0.00635540899791565
0.471765649942024 0.5 0.004284254154226235
0.494557164536514 0.5 0.00189916856387289
0.0039757564153285 0.634771577976172 0.001335818609571325
0.020623974237086 0.634771577976172 0.00301341678469975
0.0492780785952423 0.634771577976172 0.00447020542165052
0.0878198809374734 0.634771577976172 0.00559569944970745
0.133391800254015 0.634771577976172 0.0063062374230701
0.182614211011914 0.634771577976172 0.00654908916868575
0.231836621769812 0.634771577976172 0.0063062374230701
0.277408541086354 0.634771577976172 0.0055956994497075
0.315950343428585 0.634771577976172 0.004470205421650505
0.344604447786742 0.634771577976172 0.00301341678469975
0.361252665608499 0.634771577976172 0.00133581860957133
0.00261748064248077 0.759548064603406 0.00078036047104154
0.0135780082322106 0.759548064603406 0.001760382229071815
0.0324427362613046 0.759548064603406 0.00261141114781377
0.0578171332359678 0.759548064603406 0.003268903896901025
0.0878198809374733 0.759548064603406 0.00368398701044149
0.120225967698297 0.759548064603406 0.003825856498741785
0.152632054459121 0.759548064603406 0.003683987010441485
0.182634802160626 0.759548064603406 0.003268903896901035
0.208009199135289 0.759548064603406 0.00261141114781376
0.226873927164383 0.759548064603406 0.001760382229071815
0.237834454754113 0.759548064603406 0.000780360471041545
0.00146873823381208 0.865076002787025 0.00034980763556763
0.00761898273706507 0.865076002787025 0.000789116271388
0.018204485023927 0.865076002787025 0.001170602039711795
0.0324427362613046 0.865076002787025 0.00146533247839496
0.0492780785952423 0.865076002787025 0.001651399364020065
0.0674619986064876 0.865076002787025 0.00171499437184418
0.085645918617733 0.865076002787025 0.00165139936402006
0.102481260951671 0.865076002787025 0.001465332478394965
0.116719512189048 0.865076002787025 0.00117060203971179
0.12730501447591 0.865076002787025 0.000789116271388
0.133455258979163 0.865076002787025 0.0003498076355676305
0.000614699687136094 0.943531299884048 9.8691465640395e-5
0.00318871409278534 0.943531299884048 0.0002226339092272585
0.00761898273706507 0.943531299884048 0.000330262747962394
0.0135780082322106 0.943531299884048 0.000413415246664368
0.020623974237086 0.943531299884048 0.0004659104233911075
0.0282343500579761 0.943531299884048 0.0004838525261110485
0.0358447258788663 0.943531299884048 0.0004659104233911065
0.0428906918837417 0.943531299884048 0.000413415246664369
0.0488497173788872 0.943531299884048 0.000330262747962393
0.0532799860231669 0.943531299884048 0.0002226339092272585
0.0558540004288162 0.943531299884048 9.86914656403955e-5
0.000118497831530312 0.989114329073029 8.433644607762e-6
0.000614699687136094 0.989114329073029 1.90251026861934e-5
0.00146873823381205 0.989114329073029 2.822248737947265e-5
0.00261748064248071 0.989114329073029 3.532825501347565e-5
0.00397575641532844 0.989114329073029 3.981421194260015e-5
0.00544283546348573 0.989114329073029 4.13474480423385e-5
0.00690991451164302 0.989114329073029 3.981421194260005e-5
0.00826819028449075 0.989114329073029 3.532825501347575e-5
0.00941693269315941 0.989114329073029 2.822248737947255e-5
0.0102709712398354 0.989114329073029 1.90251026861934e-5
0.0107671730954411 0.989114329073029 8.43364460776205e-6
rule 2 21 121
0.0107671730954413 0.0108856709269716 0.00076631369658422
0.0558540004288161 0.0108856709269716 0.00172869470382154
0.133455258979163 0.0108856709269716 0.00256440479014971
0.237834454754113 0.0108856709269716 0.003210062428802135
0.361252665608499 0.0108856709269716 0.003617673894183435
0.494557164536514 0.0108856709269716 0.003756989679703435
0.627861663464529 0.0108856709269716 0.003617673894183425
0.751279874318915 0.0108856709269716 0.003210062428802145
0.855659070093865 0.0108856709269716 0.0025644047901497
0.933260328644212 0.0108856709269716 0.001728694703821535
0.978347155977587 0.0108856709269716 0.00076631369658422
0.0102709712398355 0.0564687001159522 0.001649028340867335
0.0532799860231669 0.0564687001159522 0.003719973389508225
0.12730501447591 0.0564687001159522 0.0055183356310376
0.226873927164383 0.0564687001159522 0.00690772453192915
0.344604447786741 0.0564687001159522 0.0077848625257721
0.471765649942024 0.0564687001159522 0.00808465578234145
0.598926852097306 0.0564687001159522 0.00778486252577205
0.716657372719664 0.0564687001159522 0.0069077245319292
0.816226285408138 0.0564687001159522 0.00551833563103755
0.890251313860881 0.0564687001159522 0.003719973389508225
0.933260328644212 0.0564687001159522 0.00164902834086734
0.00941693269315955 0.134923997212975 0.00224281964196155
0.0488497173788872 0.134923997212975 0.00505948210761195
0.116719512189048 0.134923997212975 0.00750540863216315
0.208009199135289 0.134923997212975 0.00939509641982365
0.315950343428585 0.134923997212975 0.0105880791433752
0.432538001393512 0.134923997212975 0.01099582362398715
0.549125659358439 0.134923997212975 0.0105880791433752
0.657066803651735 0.134923997212975 0.00939509641982365
0.748356490597976 0.134923997212975 0.0075054086321631
0.816226285408138 0.134923997212975 0.00505948210761195
0.855659070093865 0.134923997212975 0.002242819641961555
0.00826819028449086 0.240451935396594 0.00246503021277407
0.0428906918837416 0.240451935396594 0.00556075754952175
0.102481260951671 0.240451935396594 0.00824901775040485
0.182634802160626 0.240451935396594 0.0103259290642452
0.277408541086354 0.240451935396594 0.0116371082611155
0.379774032301703 0.240451935396594 0.01208525061059185
0.482139523517052 0.240451935396594 0.01163710826111545
0.57691326244278 0.240451935396594 0.0103259290642452
0.657066803651735 0.240451935396594 0.0082490177504048
0.716657372719664 0.240451935396594 0.00556075754952175
0.751279874318915 0.240451935396594 0.002465030212774075
0.00690991451164312 0.365228422023827 0.002321669496554705
0.0358447258788663 0.365228422023827 0.00523735616446345
0.085645918617733 0.365228422023827 0.00776927308574475
0.152632054459121 0.365228422023827 0.0097253958218495
0.231836621769812 0.365228422023827 0.0109603197307395
0.317385788988086 0.365228422023827 0.0113823991103357
0.40293495620636 0.365228422023827 0.01096031973073945
0.482139523517052 0.365228422023827 0.00972539582184955
0.549125659358439 0.365228422023827 0.0077692730857447
0.598926852097306 0.365228422023827 0.00523735616446345
0.62786166346453 0.365228422023827 0.00232166949655471
0.00544283546348581 0.5 0.001899168563872885
0.0282343500579761 0.5 0.00428425415422624
0.0674619986064876 0.5 0.00635540899791565
0.120225967698297 0.5 0.0079555535546668
0.182614211011914 0.5 0.00896574413951075
0.25 0.5 0.0093110128740906
0.317385788988086 0.5 0.0089657441395107
0.379774032301703 0.5 0.00795555355466685
0.432538001393512 0.5 0.00635540899791565
0.471765649942024 0.5 0.004284254154226235
0.494557164536514 0.5 0.00189916856387289
0.0039757564153285 0.634771577976172 0.001335818609571325
0.020623974237086 0.634771577976172 0.00301341678469975
0.0492780785952423 0.634771577976172 0.00447020542165052
0.0878198809374734 0.634771577976172 0.00559569944970745
0.133391800254015 0.634771577976172 0.0063062374230701
0.182614211011914 0.634771577976172 0.00654908916868575
0.231836621769812 0.634771577976172 0.0063062374230701
0.277408541086354 0.634771577976172 0.0055956994497075
0.315950343428585 0.634771577976172 0.004470205421650505
0.344604447786742 0.634771577976172 0.00301341678469975
0.361252665608499 0.634771577976172 0.00133581860957133
0.00261748064248077 0.759548064603406 0.00078036047104154
0.0135780082322106 0.759548064603406 0.001760382229071815
0.0324427362613046 0.759548064603406 0.00261141114781377
0.0578171332359678 0.759548064603406 0.003268903896901025
0.0878198809374733 0.759548064603406 0.00368398701044149
0.120225967698297 0.759548064603406 0.003825856498741785
0.152632054459121 0.759548064603406 0.003683987010441485
0.182634802160626 0.759548064603406 0.003268903896901035
0.208009199135289 0.759548064603406 0.00261141114781376
0.226873927164383 0.759548064603406 0.001760382229071815
0.237834454754113 0.759548064603406 0.000780360471041545
0.00146873823381208 0.865076002787025 0.00034980763556763
0.00761898273706507 0.865076002787025 0.000789116271388
0.018204485023927 0.865076002787025 0.001170602039711795
0.0324427362613046 0.865076002787025 0.00146533247839496
0.0492780785952423 0.865076002787025 0.001651399364020065
0.0674619986064876 0.865076002787025 0.00171499437184418
0.085645918617733 0.865076002787025 0.00165139936402006
0.102481260951671 0.865076002787025 0.001465332478394965
0.116719512189048 0.865076002787025 0.00117060203971179
0.12730501447591 0.865076002787025 0.000789116271388
0.133455258979163 0.865076002787025 0.0003498076355676305
0.000614699687136094 0.943531299884048 9.8691465640395e-5
0.00318871409278534 0.943531299884048 0.0002226339092272585
0.00761898273706507 0.943531299884048 0.000330262747962394
0.0135780082322106 0.943531299884048 0.000413415246664368
0.020623974237086 0.943531299884048 0.0004659104233911075
0.0282343500579761 0.943531299884048 0.0004838525261110485
0.0358447258788663 0.943531299884048 0.0004659104233911065
0.0428906918837417 0.943531299884048 0.000413415246664369
0.0488497173788872 0.943531299884048 0.000330262747962393
0.0532799860231669 0.943531299884048 0.0002226339092272585
0.0558540004288162 0.943531299884048 9.86914656403955e-5
0.000118497831530312 0.989114329073029 8.433644607762e-6
0.000614699687136094 0.989114329073029 1.90251026861934e-5
0.00146873823381205 0.989114329073029 2.822248737947265e-5
0.00261748064248071 0.989114329073029 3.532825501347565e-5
0.00397575641532844 0.989114329073029 3.981421194260015e-5
0.00544283546348573 0.989114329073029 4.13474480423385e-5
0.00690991451164302 0.989114329073029 3.981421194260005e-5
0.00826819028449075 0.989114329073029 3.532825501347575e-5
0.00941693269315941 0.989114329073029 2.822248737947255e-5
0.0102709712398354 0.989114329073029 1.90251026861934e-5
0.0107671730954411 0.989114329073029 8.43364460776205e-6
rule 2 22 144
0.00913468032429446 0.00921968287664027 0.00055124846123849
0.0474993675699594 0.00921968287664027 0.00124959657770783
0.113987950715502 0.00921968287664027 0.00187053106657612
0.204438624061511 0.00921968287664027 0.002374031431112285
0.313170053948991 0.00921968287664027 0.002728383331978555
0.433350760461964 0.00921968287664027 0.002911307817743995
0.557429556661396 0.00921968287664027 0.00291130781774399
0.677610263174369 0.00921968287664027 0.002728383331978545
0.786341693061849 0.00921968287664027 0.00237403143111229
0.876792366407858 0.00921968287664027 0.00187053106657612
0.9432809495534 0.00921968287664027 0.00124959657770783
0.981645636799065 0.00921968287664027 0.00055124846123849
0.00877767863183707 0.0479413718147625 0.001200759828386215
0.0456429966832812 0.0479413718147625 0.002721940246017855
0.109533072177831 0.0479413718147625 0.004074494026607915
0.19644875115928 0.0479413718147625 0.0051712463149581
0.300930737922855 0.0479413718147625 0.0059431151864223
0.416414540537423 0.0479413718147625 0.0063415713991469
0.535644087647814 0.0479413718147625 0.00634157139914685
0.651127890262382 0.0479413718147625 0.00594311518642225
0.755609877025957 0.0479413718147625 0.00517124631495815
0.842525556007407 0.0479413718147625 0.004074494026607915
0.906415631501956 0.0479413718147625 0.00272194024601785
0.9432809495534 0.0479413718147625 0.001200759828386215
0.00815897068929453 0.115048662902848 0.001670732593128615
0.0424257810897458 0.115048662902848 0.003787297158069015
0.101812468067115 0.115048662902848 0.00566923527072905
0.182601764075023 0.115048662902848 0.00719525217387425
0.279719180116132 0.115048662902848 0.00826922754404445
0.387062932392847 0.115048662902848 0.0088236379813325
0.497888404704305 0.115048662902848 0.0088236379813325
0.605232156981021 0.115048662902848 0.0082692275440444
0.702349573022129 0.115048662902848 0.00719525217387425
0.783138869030038 0.115048662902848 0.00566923527072905
0.842525556007407 0.115048662902848 0.00378729715806901
0.876792366407858 0.115048662902848 0.00167073259312861
0.00731728408145998 0.206341022856691 0.001901704469456115
0.0380491001173515 0.206341022856691 0.00431087533832762
0.0913094041211794 0.206341022856691 0.0064529836175368
0.163764405143146 0.206341022856691 0.0081899660509389
0.250863102943662 0.206341022856691 0.009412414077594
0.347133179119963 0.206341022856691 0.01004346946661325
0.446525798023346 0.206341022856691 0.0100434694666132
0.542795874199647 0.206341022856691 0.009412414077594
0.629894572000163 0.206341022856691 0.0081899660509389
0.70234957302213 0.206341022856691 0.0064529836175368
0.755609877025957 0.206341022856691 0.00431087533832761
0.786341693061849 0.206341022856691 0.001901704469456115
0.00630548632472136 0.31608425050091 0.001883348204603675
0.0327878592367079 0.31608425050091 0.00426926447253477
0.0786835925180692 0.31608425050091 0.00639069598122185
0.141119875299443 0.31608425050091 0.0081109121346348
0.216174997086188 0.31608425050091 0.0093215604415616
0.299133324527321 0.31608425050091 0.00994652454771145
0.384782424971768 0.31608425050091 0.00994652454771145
0.467740752412902 0.31608425050091 0.00932156044156155
0.542795874199647 0.31608425050091 0.0081109121346348
0.605232156981021 0.31608425050091 0.00639069598122185
0.651127890262382 0.31608425050091 0.00426926447253476
0.677610263174368 0.31608425050091 0.00188334820460367
0.00518714759433838 0.437383295744266 0.001653192318402855
0.0269726166079205 0.437383295744266 0.003747536018019535
0.0647282995514291 0.437383295744266 0.00560971650360705
0.116090906232389 0.437383295744266 0.00711971243737185
0.177834279283966 0.437383295744266 0.0081824126201668
0.24607914834815 0.437383295744266 0.00873100255007935
0.316537555907585 0.437383295744266 0.0087310025500793
0.384782424971769 0.437383295744266 0.00818241262016675
0.446525798023346 0.437383295744266 0.00711971243737185
0.497888404704305 0.437383295744266 0.00560971650360705
0.535644087647814 0.437383295744266 0.00374753601801953
0.557429556661396 0.437383295744266 0.00165319231840285
0.00403253528230189 0.562616704255734 0.00128520660558537
0.0209687552068421 0.562616704255734 0.002913368270233
0.0503203633514185 0.562616704255734 0.004361044160223465
0.0902501166243024 0.562616704255734 0.0055349286060189
0.138249971216944 0.562616704255734 0.0063610813043355
0.191304147396116 0.562616704255734 0.0067875600593072
0.24607914834815 0.562616704255734 0.0067875600593072
0.299133324527322 0.562616704255734 0.0063610813043355
0.347133179119963 0.562616704255734 0.0055349286060189
0.387062932392847 0.562616704255734 0.004361044160223465
0.416414540537423 0.562616704255734 0.002913368270232995
0.433350760461964 0.562616704255734 0.00128520660558537
0.00291419655191891 0.68391574949909 0.0008704240341305
0.0151535125780547 0.68391574949909 0.001973119148052465
0.0363650703847784 0.68391574949909 0.00295357776287964
0.0652211475572483 0.68391574949909 0.00374860731724993
0.099909253414722 0.68391574949909 0.004308130713217095
0.138249971216944 0.68391574949909 0.00459696937679083
0.177834279283966 0.68391574949909 0.00459696937679082
0.216174997086188 0.68391574949909 0.00430813071321708
0.250863102943661 0.68391574949909 0.00374860731724994
0.279719180116131 0.68391574949909 0.00295357776287964
0.300930737922855 0.68391574949909 0.001973119148052465
0.313170053948991 0.68391574949909 0.0008704240341305
0.00190239879518028 0.793658977143309 0.0004944184551545275
0.00989227169741105 0.793658977143309 0.001120771581164375
0.0237392587816683 0.793658977143309 0.001677691903533505
0.0425766177135456 0.793658977143309 0.002129284769379185
0.0652211475572484 0.793658977143309 0.00244710537429073
0.0902501166243025 0.793658977143309 0.00261117157677752
0.116090906232389 0.793658977143309 0.00261117157677751
0.141119875299443 0.793658977143309 0.00244710537429072
0.163764405143146 0.793658977143309 0.00212928476937919
0.182601764075023 0.793658977143309 0.001677691903533505
0.19644875115928 0.793658977143309 0.001120771581164375
0.204438624061511 0.793658977143309 0.0004944184551545265
0.00106071218734574 0.884951337097152 0.0002172046561771025
0.0055155907250167 0.884951337097152 0.0004923699821516395
0.013236194835733 0.884951337097152 0.000737032546578815
0.0237392587816682 0.884951337097152 0.00093542334719605
0.0363650703847784 0.884951337097152 0.00107504620005706
0.0503203633514185 0.884951337097152 0.00114712268249801
0.0647282995514291 0.884951337097152 0.001147122682498005
0.0786835925180692 0.884951337097152 0.001075046200057055
0.0913094041211793 0.884951337097152 0.00093542334719605
0.101812468067114 0.884951337097152 0.000737032546578815
0.109533072177831 0.884951337097152 0.0004923699821516385
0.113987950715502 0.884951337097152 0.0002172046561771025
0.000442004244803201 0.952058628185237 6.046484080778e-5
0.00229837513148132 0.952058628185237 0.000137064615065406
0.0055155907250167 0.952058628185237 0.0002051731136127395
0.00989227169741105 0.952058628185237 0.0002604006045338745
0.0151535125780547 0.952058628185237 0.0002992684341649565
0.0209687552068421 0.952058628185237 0.000319332889105661
0.0269726166079205 0.952058628185237 0.00031933288910566
0.0327878592367079 0.952058628185237 0.000299268434164955
0.0380491001173515 0.952058628185237 0.000260400604533875
0.0424257810897458 0.952058628185237 0.0002051731136127395
0.0456429966832812 0.952058628185237 0.0001370646150654055
0.0474993675699593 0.952058628185237 6.046484080778e-5
8.50025523458087e-5 0.99078031712336 5.12962955664175e-6
0.000442004244803229 0.99078031712336 1.162809148616435e-5
0.00106071218734577 0.99078031712336 1.740618272959555e-5
0.00190239879518031 0.99078031712336 2.20914934983583e-5
0.00291419655191896 0.99078031712336 2.53889067556253e-5
0.00403253528230196 0.99078031712336 2.709110624423295e-5
0.00518714759433847 0.99078031712336 2.709110624423285e-5
0.00630548632472147 0.99078031712336 2.53889067556252e-5
0.00731728408146012 0.99078031712336 2.209149349835835e-5
0.00815897068929466 0.99078031712336 1.740618272959555e-5
0.0087776786318372 0.99078031712336 1.162809148616435e-5
0.00913468032429463 0.99078031712336 5.12962955664175e-6
rule 3 1 4
0.13819660112501 0.13819660112501 0.13819660112501 0.041666666666666664
0.58541019662497 0.13819660112501 0.13819660112501 0.041666666666666664
0.13819660112501 0.58541019662497 0.13819660112501 0.041666666666666664
0.13819660112501 0.13819660112501 0.58541019662497 0.041666666666666664
rule 3 2 4
0.13819660112501 0.13819660112501 0.13819660112501 0.041666666666666664
0.58541019662497 0.13819660112501 0.13819660112501 0.041666666666666664
0.13819660112501 0.58541019662497 0.13819660112501 0.041666666666666664
0.13819660112501 0.13819660112501 0.58541019662497 0.041666666666666664
rule 3 3 5
0.25 0.25 0.25 -0.13333333333333333
0.16666666666667 0.16666666666667 0.16666666666667 0.075
0.16666666666667 0.16666666666667 0.5 0.075
0.16666666666667 0.5 0.16666666666667 0.075
0.5 0.16666666666667 0.16666666666667 0.075
rule 3 4 11
0.25 0.25 0.25 -0.013155555555554999
0.07142857142857 0.07142857142857 0.07142857142857 0.007622222222221666
0.07142857142857 0.07142857142857 0.78571428571429 0.007622222222221666
0.07142857142857 0.78571428571429 0.07142857142857 0.007622222222221666
0.78571428571429 0.07142857142857 0.07142857142857 0.007622222222221666
0.3994035761668 0.3994035761668 0.1005964238332 0.024888888888888332
0.3994035761668 0.1005964238332 0.3994035761668 0.024888888888888332
0.1005964238332 0.3994035761668 0.3994035761668 0.024888888888888332
0.3994035761668 0.1005964238332 0.1005964238332 0.024888888888888332
0.1005964238332 0.3994035761668 0.1005964238332 0.024888888888888332
0.1005964238332 0.1005964238332 0.3994035761668 0.024888888888888332
rule 3 5 14
0.09273525031089 0.09273525031089 0.09273525031089 0.012248840519395001
0.72179424906733 0.09273525031089 0.09273525031089 0.012248840519395001
0.09273525031089 0.72179424906733 0.09273525031089 0.012248840519395001
0.09273525031089 0.09273525031089 0.72179424906733 0.012248840519395001
0.3108859192633 0.3108859192633 0.3108859192633 0.018781320953003333
0.0673422422101 0.3108859192633 0.3108859192633 0.018781320953003333
0.3108859192633 0.0673422422101 0.3108859192633 0.018781320953003333
0.3108859192633 0.3108859192633 0.0673422422101 0.018781320953003333
0.45449629587435 0.45449629587435 0.04550370412565 0.007091003462846667
0.45449629587435 0.04550370412565 0.45449629587435 0.007091003462846667
0.04550370412565 0.45449629587435 0.45449629587435 0.007091003462846667
0.45449629587435 0.04550370412565 0.04550370412565 0.007091003462846667
0.04550370412565 0.45449629587435 0.04550370412565 0.007091003462846667
0.04550370412565 0.04550370412565 0.45449629587435 0.007091003462838333
rule 3 6 24
0.21460287125915 0.21460287125915 0.21460287125915 0.006653791709695
0.35619138622254 0.21460287125915 0.21460287125915 0.006653791709695
0.21460287125915 0.35619138622254 0.21460287125915 0.006653791709695
0.21460287125915 0.21460287125915 0.35619138622254 0.006653791709695
0.04067395853461 0.04067395853461 0.04067395853461 0.0016795351758866666
0.87797812439617 0.04067395853461 0.04067395853461 0.0016795351758866666
0.04067395853461 0.87797812439617 0.04067395853461 0.0016795351758866666
0.04067395853461 0.04067395853461 0.87797812439617 0.0016795351758866666
0.32233789014228 0.32233789014228 0.32233789014228 0.009226196923943332
0.03298632957317 0.32233789014228 0.32233789014228 0.009226196923943332
0.32233789014228 0.03298632957317 0.32233789014228 0.009226196923943332
0.32233789014228 0.32233789014228 0.03298632957317 0.009226196923943332
0.06366100187502 0.06366100187502 0.26967233145832 0.008035714285715
0.06366100187502 0.26967233145832 0.06366100187502 0.008035714285715
0.06366100187502 0.06366100187502 0.60300566479165 0.008035714285715
0.06366100187502 0.60300566479165 0.06366100187502 0.008035714285715
0.06366100187502 0.26967233145832 0.60300566479165 0.008035714285715
0.06366100187502 0.60300566479165 0.26967233145832 0.008035714285715
0.26967233145832 0.06366100187502 0.06366100187502 0.008035714285715
0.26967233145832 0.06366100187502 0.60300566479165 0.008035714285715
0.26967233145832 0.60300566479165 0.06366100187502 0.008035714285715
0.60300566479165 0.06366100187502 0.26967233145832 0.008035714285715
0.60300566479165 0.06366100187502 0.06366100187502 0.008035714285715
0.60300566479165 0.26967233145832 0.06366100187502 0.008035714285713333
rule 3 7 31
0.5 0.5 0.0 0.000970017636685
0.5 0.0 0.5 0.000970017636685
0.0 0.5 0.5 0.000970017636685
0.0 0.0 0.5 0.000970017636685
0.0 0.5 0.0 0.000970017636685
0.5 0.0 0.0 0.000970017636685
0.25 0.25 0.25 0.01826422346611
0.07821319233032 0.07821319233032 0.07821319233032 0.010599941524415
0.07821319233032 0.07821319233032 0.76536042300905 0.010599941524415
0.07821319233032 0.76536042300905 0.07821319233032 0.010599941524415
0.76536042300905 0.07821319233032 0.07821319233032 0.010599941524415
0.12184321666391 0.12184321666391 0.12184321666391 -0.06251774011433667
0.12184321666391 0.12184321666391 0.63447035000828 -0.06251774011433667
0.12184321666391 0.63447035000828 0.12184321666391 -0.06251774011433667
0.63447035000828 0.12184321666391 0.12184321666391 -0.06251774011433667
0.33253916444642 0.33253916444642 0.33253916444642 0.0048914252630733335
0.33253916444642 0.33253916444642 0.00238250666074 0.0048914252630733335
0.33253916444642 0.00238250666074 0.33253916444642 0.0048914252630733335
0.00238250666074 0.33253916444642 0.33253916444642 0.0048914252630733335
0.1 0.1 0.2 0.027557319223988335
0.1 0.2 0.1 0.027557319223988335
0.1 0.1 0.6 0.027557319223988335
0.1 0.6 0.1 0.027557319223988335
0.1 0.2 0.6 0.027557319223988335
0.1 0.6 0.2 0.027557319223988335
0.2 0.1 0.1 0.027557319223988335
0.2 0.1 0.6 0.027557319223988335
0.2 0.6 0.1 0.027557319223988335
0.6 0.1 0.2 0.027557319223988335
0.6 0.1 0.1 0.027557319223988335
0.6 0.2 0.1 0.027557319223976667
rule 3 8 43
0.25 0.25 0.25 -0.020500188658641668
0.20682993161067 0.20682993161067 0.20682993161067 0.014250305822868334
0.20682993161067 0.20682993161067 0.37951020516798 0.014250305822868334
0.20682993161067 0.37951020516798 0.20682993161067 0.014250305822868334
0.37951020516798 0.20682993161067 0.20682993161067 0.014250305822868334
0.08210358831055 0.08210358831055 0.08210358831055 0.0019670333131333335
0.08210358831055 0.08210358831055 0.75368923506836 0.0019670333131333335
0.08210358831055 0.75368923506836 0.08210358831055 0.0019670333131333335
0.75368923506836 0.08210358831055 0.08210358831055 0.0019670333131333335
0.0057819505052 0.0057819505052 0.0057819505052 0.00016983410909333333
0.0057819505052 0.0057819505052 0.98265414848441 0.00016983410909333333
0.0057819505052 0.98265414848441 0.0057819505052 0.00016983410909333333
0.98265414848441 0.0057819505052 0.0057819505052 0.00016983410909333333
0.05053274001889 0.05053274001889 0.44946725998111 0.004579683824468333
0.05053274001889 0.44946725998111 0.05053274001889 0.004579683824468333
0.44946725998111 0.05053274001889 0.05053274001889 0.004579683824468333
0.05053274001889 0.44946725998111 0.44946725998111 0.004579683824468333
0.44946725998111 0.05053274001889 0.44946725998111 0.004579683824468333
0.44946725998111 0.44946725998111 0.05053274001889 0.004579683824468333
0.22906653611681 0.22906653611681 0.03563958278853 0.005704485808681666
0.22906653611681 0.03563958278853 0.22906653611681 0.005704485808681666
0.22906653611681 0.22906653611681 0.50622734497784 0.005704485808681666
0.22906653611681 0.50622734497784 0.22906653611681 0.005704485808681666
0.22906653611681 0.03563958278853 0.50622734497784 0.005704485808681666
0.22906653611681 0.50622734497784 0.03563958278853 0.005704485808681666
0.03563958278853 0.22906653611681 0.22906653611681 0.005704485808681666
0.03563958278853 0.22906653611681 0.50622734497784 0.005704485808681666
0.03563958278853 0.50622734497784 0.22906653611681 0.005704485808681666
0.50622734497784 0.22906653611681 0.03563958278853 0.005704485808681666
0.50622734497784 0.22906653611681 0.22906653611681 0.005704485808681666
0.50622734497784 0.03563958278853 0.22906653611681 0.005704485808681666
0.0366077495532 0.0366077495532 0.19048604193463 0.0021405191411616666
0.0366077495532 0.19048604193463 0.0366077495532 0.0021405191411616666
0.0366077495532 0.0366077495532 0.73629845895897 0.0021405191411616666
0.0366077495532 0.73629845895897 0.0366077495532 0.0021405191411616666
0.0366077495532 0.19048604193463 0.73629845895897 0.0021405191411616666
0.0366077495532 0.73629845895897 0.19048604193463 0.0021405191411616666
0.19048604193463 0.0366077495532 0.0366077495532 0.0021405191411616666
0.19048604193463 0.0366077495532 0.73629845895897 0.0021405191411616666
0.19048604193463 0.73629845895897 0.0366077495532 0.0021405191411616666
0.73629845895897 0.0366077495532 0.19048604193463 0.0021405191411616666
0.73629845895897 0.0366077495532 0.0366077495532 0.0021405191411616666
0.73629845895897 0.19048604193463 0.0366077495532 0.00214051914115
rule 3 9 53
0.25 0.25 0.25 -0.137799038326115
0.04835103854974 0.04835103854974 0.04835103854974 0.001865336569085
0.04835103854974 0.04835103854974 0.85494688435079 0.001865336569085
0.04835103854974 0.85494688435079 0.04835103854974 0.001865336569085
0.85494688435079 0.04835103854974 0.04835103854974 0.001865336569085
0.32457928011788 0.32457928011788 0.32457928011788 0.004309423969493333
0.32457928011788 0.32457928011788 0.02626215964635 0.004309423969493333
0.32457928011788 0.02626215964635 0.32457928011788 0.004309423969493333
0.02626215964635 0.32457928011788 0.32457928011788 0.004309423969493333
0.11461654022399 0.11461654022399 0.11461654022399 -0.09018476648120499
0.11461654022399 0.11461654022399 0.65615037932801 -0.09018476648120499
0.11461654022399 0.65615037932801 0.11461654022399 -0.09018476648120499
0.65615037932801 0.11461654022399 0.11461654022399 -0.09018476648120499
0.22548995191151 0.22548995191151 0.22548995191151 0.04467257620251333
0.22548995191151 0.22548995191151 0.32353014426546 0.04467257620251333
0.22548995191151 0.32353014426546 0.22548995191151 0.04467257620251333
0.32353014426546 0.22548995191151 0.22548995191151 0.04467257620251333
0.13162780924687 0.13162780924687 0.08366470161718 0.034700405884551665
0.13162780924687 0.08366470161718 0.13162780924687 0.034700405884551665
0.13162780924687 0.13162780924687 0.65307967988908 0.034700405884551665
0.13162780924687 0.65307967988908 0.13162780924687 0.034700405884551665
0.13162780924687 0.08366470161718 0.65307967988908 0.034700405884551665
0.13162780924687 0.65307967988908 0.08366470161718 0.034700405884551665
0.08366470161718 0.13162780924687 0.13162780924687 0.034700405884551665
0.08366470161718 0.13162780924687 0.65307967988908 0.034700405884551665
0.08366470161718 0.65307967988908 0.13162780924687 0.034700405884551665
0.65307967988908 0.13162780924687 0.08366470161718 0.034700405884551665
0.65307967988908 0.13162780924687 0.13162780924687 0.034700405884551665
0.65307967988908 0.08366470161718 0.13162780924687 0.034700405884551665
0.43395146141141 0.43395146141141 0.10776985954943 0.00335258390266
0.43395146141141 0.10776985954943 0.43395146141141 0.00335258390266
0.43395146141141 0.43395146141141 0.02432721762776 0.00335258390266
0.43395146141141 0.02432721762776 0.43395146141141 0.00335258390266
0.43395146141141 0.10776985954943 0.02432721762776 0.00335258390266
0.43395146141141 0.02432721762776 0.10776985954943 0.00335258390266
0.10776985954943 0.43395146141141 0.43395146141141 0.00335258390266
0.10776985954943 0.43395146141141 0.02432721762776 0.00335258390266
0.10776985954943 0.02432721762776 0.43395146141141 0.00335258390266
0.02432721762776 0.43395146141141 0.10776985954943 0.00335258390266
0.02432721762776 0.43395146141141 0.43395146141141 0.00335258390266
0.02432721762776 0.10776985954943 0.43395146141141 0.00335258390266
-0.00137627731814 -0.00137627731814 0.27655347263681 0.0004316288755566667
-0.00137627731814 0.27655347263681 -0.00137627731814 0.0004316288755566667
-0.00137627731814 -0.00137627731814 0.72619908199947 0.0004316288755566667
-0.00137627731814 0.72619908199947 -0.00137627731814 0.0004316288755566667
-0.00137627731814 0.27655347263681 0.72619908199947 0.0004316288755566667
-0.00137627731814 0.72619908199947 0.27655347263681 0.0004316288755566667
0.27655347263681 -0.00137627731814 -0.00137627731814 0.0004316288755566667
0.27655347263681 -0.00137627731814 0.72619908199947 0.0004316288755566667
0.27655347263681 0.72619908199947 -0.00137627731814 0.0004316288755566667
0.72619908199947 -0.00137627731814 0.27655347263681 0.0004316288755566667
0.72619908199947 -0.00137627731814 -0.00137627731814 0.0004316288755566667
0.72619908199947 0.27655347263681 -0.00137627731814 0.00043162887555
rule 3 10 126
0.07142857142857 0.07142857142857 0.78571428571429 0.045362824065078335
0.07142857142857 0.21428571428571 0.64285714285714 0.045362824065078335
0.07142857142857 0.35714285714286 0.5 0.045362824065078335
0.07142857142857 0.5 0.35714285714286 0.045362824065078335
0.07142857142857 0.64285714285714 0.21428571428571 0.045362824065078335
0.07142857142857 0.78571428571429 0.07142857142857 0.045362824065078335
0.21428571428571 0.07142857142857 0.64285714285714 0.045362824065078335
0.21428571428571 0.21428571428571 0.5 0.045362824065078335
0.21428571428571 0.35714285714286 0.35714285714286 0.045362824065078335
0.21428571428571 0.5 0.21428571428571 0.045362824065078335
0.21428571428571 0.64285714285714 0.07142857142857 0.045362824065078335
0.35714285714286 0.07142857142857 0.5 0.045362824065078335
0.35714285714286 0.21428571428571 0.35714285714286 0.045362824065078335
0.35714285714286 0.35714285714286 0.21428571428571 0.045362824065078335
0.35714285714286 0.5 0.07142857142857 0.045362824065078335
0.5 0.07142857142857 0.35714285714286 0.045362824065078335
0.5 0.21428571428571 0.21428571428571 0.045362824065078335
0.5 0.35714285714286 0.07142857142857 0.045362824065078335
0.64285714285714 0.07142857142857 0.21428571428571 0.045362824065078335
0.64285714285714 0.21428571428571 0.07142857142857 0.045362824065078335
0.78571428571429 0.07142857142857 0.07142857142857 0.045362824065078335
0.07142857142857 0.07142857142857 0.64285714285714 0.045362824065078335
0.07142857142857 0.21428571428571 0.5 0.045362824065078335
0.07142857142857 0.35714285714286 0.35714285714286 0.045362824065078335
0.07142857142857 0.5 0.21428571428571 0.045362824065078335
0.07142857142857 0.64285714285714 0.07142857142857 0.045362824065078335
0.21428571428571 0.07142857142857 0.5 0.045362824065078335
0.21428571428571 0.21428571428571 0.35714285714286 0.045362824065078335
0.21428571428571 0.35714285714286 0.21428571428571 0.045362824065078335
0.21428571428571 0.5 0.07142857142857 0.045362824065078335
0.35714285714286 0.07142857142857 0.35714285714286 0.045362824065078335
0.35714285714286 0.21428571428571 0.21428571428571 0.045362824065078335
0.35714285714286 0.35714285714286 0.07142857142857 0.045362824065078335
0.5 0.07142857142857 0.21428571428571 0.045362824065078335
0.5 0.21428571428571 0.07142857142857 0.045362824065078335
0.64285714285714 0.07142857142857 0.07142857142857 0.045362824065078335
0.07142857142857 0.07142857142857 0.5 0.045362824065078335
0.07142857142857 0.21428571428571 0.35714285714286 0.045362824065078335
0.07142857142857 0.35714285714286 0.21428571428571 0.045362824065078335
0.07142857142857 0.5 0.07142857142857 0.045362824065078335
0.21428571428571 0.07142857142857 0.35714285714286 0.045362824065078335
0.21428571428571 0.21428571428571 0.21428571428571 0.045362824065078335
0.21428571428571 0.35714285714286 0.07142857142857 0.045362824065078335
0.35714285714286 0.07142857142857 0.21428571428571 0.045362824065078335
0.35714285714286 0.21428571428571 0.07142857142857 0.045362824065078335
0.5 0.07142857142857 0.07142857142857 0.045362824065078335
0.07142857142857 0.07142857142857 0.35714285714286 0.045362824065078335
0.07142857142857 0.21428571428571 0.21428571428571 0.045362824065078335
0.07142857142857 0.35714285714286 0.07142857142857 0.045362824065078335
0.21428571428571 0.07142857142857 0.21428571428571 0.045362824065078335
0.21428571428571 0.21428571428571 0.07142857142857 0.045362824065078335
0.35714285714286 0.07142857142857 0.07142857142857 0.045362824065078335
0.07142857142857 0.07142857142857 0.21428571428571 0.045362824065078335
0.07142857142857 0.21428571428571 0.07142857142857 0.045362824065078335
0.21428571428571 0.07142857142857 0.07142857142857 0.045362824065078335
0.07142857142857 0.07142857142857 0.07142857142857 0.045362824065078335
0.08333333333333 0.08333333333333 0.75 -0.11652347652347
0.08333333333333 0.25 0.58333333333333 -0.11652347652347
0.08333333333333 0.41666666666667 0.41666666666667 -0.11652347652347
0.08333333333333 0.58333333333333 0.25 -0.11652347652347
0.08333333333333 0.75 0.08333333333333 -0.11652347652347
0.25 0.08333333333333 0.58333333333333 -0.11652347652347
0.25 0.25 0.41666666666667 -0.11652347652347
0.25 0.41666666666667 0.25 -0.11652347652347
0.25 0.58333333333333 0.08333333333333 -0.11652347652347
0.41666666666667 0.08333333333333 0.41666666666667 -0.11652347652347
0.41666666666667 0.25 0.25 -0.11652347652347
0.41666666666667 0.41666666666667 0.08333333333333 -0.11652347652347
0.58333333333333 0.08333333333333 0.25 -0.11652347652347
0.58333333333333 0.25 0.08333333333333 -0.11652347652347
0.75 0.08333333333333 0.08333333333333 -0.11652347652347
0.08333333333333 0.08333333333333 0.58333333333333 -0.11652347652347
0.08333333333333 0.25 0.41666666666667 -0.11652347652347
0.08333333333333 0.41666666666667 0.25 -0.11652347652347
0.08333333333333 0.58333333333333 0.08333333333333 -0.11652347652347
0.25 0.08333333333333 0.41666666666667 -0.11652347652347
0.25 0.25 0.25 -0.11652347652347
0.25 0.41666666666667 0.08333333333333 -0.11652347652347
0.41666666666667 0.08333333333333 0.25 -0.11652347652347
0.41666666666667 0.25 0.08333333333333 -0.11652347652347
0.58333333333333 0.08333333333333 0.08333333333333 -0.11652347652347
0.08333333333333 0.08333333333333 0.41666666666667 -0.11652347652347
0.08333333333333 0.25 0.25 -0.11652347652347
0.08333333333333 0.41666666666667 0.08333333333333 -0.11652347652347
0.25 0.08333333333333 0.25 -0.11652347652347
0.25 0.25 0.08333333333333 -0.11652347652347
0.41666666666667 0.08333333333333 0.08333333333333 -0.11652347652347
0.08333333333333 0.08333333333333 0.25 -0.11652347652347
0.08333333333333 0.25 0.08333333333333 -0.11652347652347
0.25 0.08333333333333 0.08333333333333 -0.11652347652347
0.08333333333333 0.08333333333333 0.08333333333333 -0.11652347652347
0.1 0.1 0.7 0.10193728997982
0.1 0.3 0.5 0.10193728997982
0.1 0.5 0.3 0.10193728997982
0.1 0.7 0.1 0.10193728997982
0.3 0.1 0.5 0.10193728997982
0.3 0.3 0.3 0.10193728997982
0.3 0.5 0.1 0.10193728997982
0.5 0.1 0.3 0.10193728997982
0.5 0.3 0.1 0.10193728997982
0.7 0.1 0.1 0.10193728997982
0.1 0.1 0.5 0.10193728997982
0.1 0.3 0.3 0.10193728997982
0.1 0.5 0.1 0.10193728997982
0.3 0.1 0.3 0.10193728997982
0.3 0.3 0.1 0.10193728997982
0.5 0.1 0.1 0.10193728997982
0.1 0.1 0.3 0.10193728997982
0.1 0.3 0.1 0.10193728997982
0.3 0.1 0.1 0.10193728997982
0.1 0.1 0.1 0.10193728997982
0.125 0.125 0.625 -0.035025386136495
0.125 0.375 0.375 -0.035025386136495
0.125 0.625 0.125 -0.035025386136495
0.375 0.125 0.375 -0.035025386136495
0.375 0.375 0.125 -0.035025386136495
0.625 0.125 0.125 -0.035025386136495
0.125 0.125 0.375 -0.035025386136495
0.125 0.375 0.125 -0.035025386136495
0.375 0.125 0.125 -0.035025386136495
0.125 0.125 0.125 -0.035025386136495
0.16666666666667 0.16666666666667 0.5 0.004068080357143333
0.16666666666667 0.5 0.16666666666667 0.004068080357143333
0.5 0.16666666666667 0.16666666666667 0.004068080357143333
0.16666666666667 0.16666666666667 0.16666666666667 0.004068080357143333
0.25 0.25 0.25 -9.4062316275e-5
rule 3 11 126
0.07142857142857 0.07142857142857 0.78571428571429 0.045362824065078335
0.07142857142857 0.21428571428571 0.64285714285714 0.045362824065078335
0.07142857142857 0.35714285714286 0.5 0.045362824065078335
0.07142857142857 0.5 0.35714285714286 0.045362824065078335
0.07142857142857 0.64285714285714 0.21428571428571 0.045362824065078335
0.07142857142857 0.78571428571429 0.07142857142857 0.045362824065078335
0.21428571428571 0.07142857142857 0.64285714285714 0.045362824065078335
0.21428571428571 0.21428571428571 0.5 0.045362824065078335
0.21428571428571 0.35714285714286 0.35714285714286 0.045362824065078335
0.21428571428571 0.5 0.21428571428571 0.045362824065078335
0.21428571428571 0.64285714285714 0.07142857142857 0.045362824065078335
0.35714285714286 0.07142857142857 0.5 0.045362824065078335
0.35714285714286 0.21428571428571 0.35714285714286 0.045362824065078335
0.35714285714286 0.35714285714286 0.21428571428571 0.045362824065078335
0.35714285714286 0.5 0.07142857142857 0.045362824065078335
0.5 0.07142857142857 0.35714285714286 0.045362824065078335
0.5 0.21428571428571 0.21428571428571 0.045362824065078335
0.5 0.35714285714286 0.07142857142857 0.045362824065078335
0.64285714285714 0.07142857142857 0.21428571428571 0.045362824065078335
0.64285714285714 0.21428571428571 0.07142857142857 0.045362824065078335
0.78571428571429 0.07142857142857 0.07142857142857 0.045362824065078335
0.07142857142857 0.07142857142857 0.64285714285714 0.045362824065078335
0.07142857142857 0.21428571428571 0.5 0.045362824065078335
0.07142857142857 0.35714285714286 0.35714285714286 0.045362824065078335
0.07142857142857 0.5 0.21428571428571 0.045362824065078335
0.07142857142857 0.64285714285714 0.07142857142857 0.045362824065078335
0.21428571428571 0.07142857142857 0.5 0.045362824065078335
0.21428571428571 0.21428571428571 0.35714285714286 0.045362824065078335
0.21428571428571 0.35714285714286 0.21428571428571 0.045362824065078335
0.21428571428571 0.5 0.07142857142857 0.045362824065078335
0.35714285714286 0.07142857142857 0.35714285714286 0.045362824065078335
0.35714285714286 0.21428571428571 0.21428571428571 0.045362824065078335
0.35714285714286 0.35714285714286 0.07142857142857 0.045362824065078335
0.5 0.07142857142857 0.21428571428571 0.045362824065078335
0.5 0.21428571428571 0.07142857142857 0.045362824065078335
0.64285714285714 0.07142857142857 0.07142857142857 0.045362824065078335
0.07142857142857 0.07142857142857 0.5 0.045362824065078335
0.07142857142857 0.21428571428571 0.35714285714286 0.045362824065078335
0.07142857142857 0.35714285714286 0.21428571428571 0.045362824065078335
0.07142857142857 0.5 0.07142857142857 0.045362824065078335
0.21428571428571 0.07142857142857 0.35714285714286 0.045362824065078335
0.21428571428571 0.21428571428571 0.21428571428571 0.045362824065078335
0.21428571428571 0.35714285714286 0.07142857142857 0.045362824065078335
0.35714285714286 0.07142857142857 0.21428571428571 0.045362824065078335
0.35714285714286 0.21428571428571 0.07142857142857 0.045362824065078335
0.5 0.07142857142857 0.07142857142857 0.045362824065078335
0.07142857142857 0.07142857142857 0.35714285714286 0.045362824065078335
0.07142857142857 0.21428571428571 0.21428571428571 0.045362824065078335
0.07142857142857 0.35714285714286 0.07142857142857 0.045362824065078335
0.21428571428571 0.07142857142857 0.21428571428571 0.045362824065078335
0.21428571428571 0.21428571428571 0.07142857142857 0.045362824065078335
0.35714285714286 0.07142857142857 0.07142857142857 0.045362824065078335
0.07142857142857 0.07142857142857 0.21428571428571 0.045362824065078335
0.07142857142857 0.21428571428571 0.07142857142857 0.045362824065078335
0.21428571428571 0.07142857142857 0.07142857142857 0.045362824065078335
0.07142857142857 0.07142857142857 0.07142857142857 0.045362824065078335
0.08333333333333 0.08333333333333 0.75 -0.11652347652347
0.08333333333333 0.25 0.58333333333333 -0.11652347652347
0.08333333333333 0.41666666666667 0.41666666666667 -0.11652347652347
0.08333333333333 0.58333333333333 0.25 -0.11652347652347
0.08333333333333 0.75 0.08333333333333 -0.11652347652347
0.25 0.08333333333333 0.58333333333333 -0.11652347652347
0.25 0.25 0.41666666666667 -0.11652347652347
0.25 0.41666666666667 0.25 -0.11652347652347
0.25 0.58333333333333 0.08333333333333 -0.11652347652347
0.41666666666667 0.08333333333333 0.41666666666667 -0.11652347652347
0.41666666666667 0.25 0.25 -0.11652347652347
0.41666666666667 0.41666666666667 0.08333333333333 -0.11652347652347
0.58333333333333 0.08333333333333 0.25 -0.11652347652347
0.58333333333333 0.25 0.08333333333333 -0.11652347652347
0.75 0.08333333333333 0.08333333333333 -0.11652347652347
0.08333333333333 0.08333333333333 0.58333333333333 -0.11652347652347
0.08333333333333 0.25 0.41666666666667 -0.11652347652347
0.08333333333333 0.41666666666667 0.25 -0.11652347652347
0.08333333333333 0.58333333333333 0.08333333333333 -0.11652347652347
0.25 0.08333333333333 0.41666666666667 -0.11652347652347
0.25 0.25 0.25 -0.11652347652347
0.25 0.41666666666667 0.08333333333333 -0.11652347652347
0.41666666666667 0.08333333333333 0.25 -0.11652347652347
0.41666666666667 0.25 0.08333333333333 -0.11652347652347
0.58333333333333 0.08333333333333 0.08333333333333 -0.11652347652347
0.08333333333333 0.08333333333333 0.41666666666667 -0.11652347652347
0.08333333333333 0.25 0.25 -0.11652347652347
0.08333333333333 0.41666666666667 0.08333333333333 -0.11652347652347
0.25 0.08333333333333 0.25 -0.11652347652347
0.25 0.25 0.08333333333333 -0.11652347652347
0.41666666666667 0.08333333333333 0.08333333333333 -0.11652347652347
0.08333333333333 0.08333333333333 0.25 -0.11652347652347
0.08333333333333 0.25 0.08333333333333 -0.11652347652347
0.25 0.08333333333333 0.08333333333333 -0.11652347652347
0.08333333333333 0.08333333333333 0.08333333333333 -0.11652347652347
0.1 0.1 0.7 0.10193728997982
0.1 0.3 0.5 0.10193728997982
0.1 0.5 0.3 0.10193728997982
0.1 0.7 0.1 0.10193728997982
0.3 0.1 0.5 0.10193728997982
0.3 0.3 0.3 0.10193728997982
0.3 0.5 0.1 0.10193728997982
0.5 0.1 0.3 0.10193728997982
0.5 0.3 0.1 0.10193728997982
0.7 0.1 0.1 0.10193728997982
0.1 0.1 0.5 0.10193728997982
0.1 0.3 0.3 0.10193728997982
0.1 0.5 0.1 0.10193728997982
0.3 0.1 0.3 0.10193728997982
0.3 0.3 0.1 0.10193728997982
0.5 0.1 0.1 0.10193728997982
0.1 0.1 0.3 0.10193728997982
0.1 0.3 0.1 0.10193728997982
0.3 0.1 0.1 0.10193728997982
0.1 0.1 0.1 0.10193728997982
0.125 0.125 0.625 -0.035025386136495
0.125 0.375 0.375 -0.035025386136495
0.125 0.625 0.125 -0.035025386136495
0.375 0.125 0.375 -0.035025386136495
0.375 0.375 0.125 -0.035025386136495
0.625 0.125 0.125 -0.035025386136495
0.125 0.125 0.375 -0.035025386136495
0.125 0.375 0.125 -0.035025386136495
0.375 0.125 0.125 -0.035025386136495
0.125 0.125 0.125 -0.035025386136495
0.16666666666667 0.16666666666667 0.5 0.004068080357143333
0.16666666666667 0.5 0.16666666666667 0.004068080357143333
0.5 0.16666666666667 0.16666666666667 0.004068080357143333
0.16666666666667 0.16666666666667 0.16666666666667 0.004068080357143333
0.25 0.25 0.25 -9.4062316275e-5
rule 3 12 210
0.0625 0.0625 0.8125 0.05255090901651833
0.0625 0.1875 0.6875 0.05255090901651833
0.0625 0.3125 0.5625 0.05255090901651833
0.0625 0.4375 0.4375 0.05255090901651833
0.0625 0.5625 0.3125 0.05255090901651833
0.0625 0.6875 0.1875 0.05255090901651833
0.0625 0.8125 0.0625 0.05255090901651833
0.1875 0.0625 0.6875 0.05255090901651833
0.1875 0.1875 0.5625 0.05255090901651833
0.1875 0.3125 0.4375 0.05255090901651833
0.1875 0.4375 0.3125 0.05255090901651833
0.1875 0.5625 0.1875 0.05255090901651833
0.1875 0.6875 0.0625 0.05255090901651833
0.3125 0.0625 0.5625 0.05255090901651833
0.3125 0.1875 0.4375 0.05255090901651833
0.3125 0.3125 0.3125 0.05255090901651833
0.3125 0.4375 0.1875 0.05255090901651833
0.3125 0.5625 0.0625 0.05255090901651833
0.4375 0.0625 0.4375 0.05255090901651833
0.4375 0.1875 0.3125 0.05255090901651833
0.4375 0.3125 0.1875 0.05255090901651833
0.4375 0.4375 0.0625 0.05255090901651833
0.5625 0.0625 0.3125 0.05255090901651833
0.5625 0.1875 0.1875 0.05255090901651833
0.5625 0.3125 0.0625 0.05255090901651833
0.6875 0.0625 0.1875 0.05255090901651833
0.6875 0.1875 0.0625 0.05255090901651833
0.8125 0.0625 0.0625 0.05255090901651833
0.0625 0.0625 0.6875 0.05255090901651833
0.0625 0.1875 0.5625 0.05255090901651833
0.0625 0.3125 0.4375 0.05255090901651833
0.0625 0.4375 0.3125 0.05255090901651833
0.0625 0.5625 0.1875 0.05255090901651833
0.0625 0.6875 0.0625 0.05255090901651833
0.1875 0.0625 0.5625 0.05255090901651833
0.1875 0.1875 0.4375 0.05255090901651833
0.1875 0.3125 0.3125 0.05255090901651833
0.1875 0.4375 0.1875 0.05255090901651833
0.1875 0.5625 0.0625 0.05255090901651833
0.3125 0.0625 0.4375 0.05255090901651833
0.3125 0.1875 0.3125 0.05255090901651833
0.3125 0.3125 0.1875 0.05255090901651833
0.3125 0.4375 0.0625 0.05255090901651833
0.4375 0.0625 0.3125 0.05255090901651833
0.4375 0.1875 0.1875 0.05255090901651833
0.4375 0.3125 0.0625 0.05255090901651833
0.5625 0.0625 0.1875 0.05255090901651833
0.5625 0.1875 0.0625 0.05255090901651833
0.6875 0.0625 0.0625 0.05255090901651833
0.0625 0.0625 0.5625 0.05255090901651833
0.0625 0.1875 0.4375 0.05255090901651833
0.0625 0.3125 0.3125 0.05255090901651833
0.0625 0.4375 0.1875 0.05255090901651833
0.0625 0.5625 0.0625 0.05255090901651833
0.1875 0.0625 0.4375 0.05255090901651833
0.1875 0.1875 0.3125 0.05255090901651833
0.1875 0.3125 0.1875 0.05255090901651833
0.1875 0.4375 0.0625 0.05255090901651833
0.3125 0.0625 0.3125 0.05255090901651833
0.3125 0.1875 0.1875 0.05255090901651833
0.3125 0.3125 0.0625 0.05255090901651833
0.4375 0.0625 0.1875 0.05255090901651833
0.4375 0.1875 0.0625 0.05255090901651833
0.5625 0.0625 0.0625 0.05255090901651833
0.0625 0.0625 0.4375 0.05255090901651833
0.0625 0.1875 0.3125 0.05255090901651833
0.0625 0.3125 0.1875 0.05255090901651833
0.0625 0.4375 0.0625 0.05255090901651833
0.1875 0.0625 0.3125 0.05255090901651833
0.1875 0.1875 0.1875 0.05255090901651833
0.1875 0.3125 0.0625 0.05255090901651833
0.3125 0.0625 0.1875 0.05255090901651833
0.3125 0.1875 0.0625 0.05255090901651833
0.4375 0.0625 0.0625 0.05255090901651833
0.0625 0.0625 0.3125 0.05255090901651833
0.0625 0.1875 0.1875 0.05255090901651833
0.0625 0.3125 0.0625 0.05255090901651833
0.1875 0.0625 0.1875 0.05255090901651833
0.1875 0.1875 0.0625 0.05255090901651833
0.3125 0.0625 0.0625 0.05255090901651833
0.0625 0.0625 0.1875 0.05255090901651833
0.0625 0.1875 0.0625 0.05255090901651833
0.1875 0.0625 0.0625 0.05255090901651833
0.0625 0.0625 0.0625 0.05255090901651833
0.07142857142857 0.07142857142857 0.78571428571429 -0.14818522527926833
0.07142857142857 0.21428571428571 0.64285714285714 -0.14818522527926833
0.07142857142857 0.35714285714286 0.5 -0.14818522527926833
0.07142857142857 0.5 0.35714285714286 -0.14818522527926833
0.07142857142857 0.64285714285714 0.21428571428571 -0.14818522527926833
0.07142857142857 0.78571428571429 0.07142857142857 -0.14818522527926833
0.21428571428571 0.07142857142857 0.64285714285714 -0.14818522527926833
0.21428571428571 0.21428571428571 0.5 -0.14818522527926833
0.21428571428571 0.35714285714286 0.35714285714286 -0.14818522527926833
0.21428571428571 0.5 0.21428571428571 -0.14818522527926833
0.21428571428571 0.64285714285714 0.07142857142857 -0.14818522527926833
0.35714285714286 0.07142857142857 0.5 -0.14818522527926833
0.35714285714286 0.21428571428571 0.35714285714286 -0.14818522527926833
0.35714285714286 0.35714285714286 0.21428571428571 -0.14818522527926833
0.35714285714286 0.5 0.07142857142857 -0.14818522527926833
0.5 0.07142857142857 0.35714285714286 -0.14818522527926833
0.5 0.21428571428571 0.21428571428571 -0.14818522527926833
0.5 0.35714285714286 0.07142857142857 -0.14818522527926833
0.64285714285714 0.07142857142857 0.21428571428571 -0.14818522527926833
0.64285714285714 0.21428571428571 0.07142857142857 -0.14818522527926833
0.78571428571429 0.07142857142857 0.07142857142857 -0.14818522527926833
0.07142857142857 0.07142857142857 0.64285714285714 -0.14818522527926833
0.07142857142857 0.21428571428571 0.5 -0.14818522527926833
0.07142857142857 0.35714285714286 0.35714285714286 -0.14818522527926833
0.07142857142857 0.5 0.21428571428571 -0.14818522527926833
0.07142857142857 0.64285714285714 0.07142857142857 -0.14818522527926833
0.21428571428571 0.07142857142857 0.5 -0.14818522527926833
0.21428571428571 0.21428571428571 0.35714285714286 -0.14818522527926833
0.21428571428571 0.35714285714286 0.21428571428571 -0.14818522527926833
0.21428571428571 0.5 0.07142857142857 -0.14818522527926833
0.35714285714286 0.07142857142857 0.35714285714286 -0.14818522527926833
0.35714285714286 0.21428571428571 0.21428571428571 -0.14818522527926833
0.35714285714286 0.35714285714286 0.07142857142857 -0.14818522527926833
0.5 0.07142857142857 0.21428571428571 -0.14818522527926833
0.5 0.21428571428571 0.07142857142857 -0.14818522527926833
0.64285714285714 0.07142857142857 0.07142857142857 -0.14818522527926833
0.07142857142857 0.07142857142857 0.5 -0.14818522527926833
0.07142857142857 0.21428571428571 0.35714285714286 -0.14818522527926833
0.07142857142857 0.35714285714286 0.21428571428571 -0.14818522527926833
0.07142857142857 0.5 0.07142857142857 -0.14818522527926833
0.21428571428571 0.07142857142857 0.35714285714286 -0.14818522527926833
0.21428571428571 0.21428571428571 0.21428571428571 -0.14818522527926833
0.21428571428571 0.35714285714286 0.07142857142857 -0.14818522527926833
0.35714285714286 0.07142857142857 0.21428571428571 -0.14818522527926833
0.35714285714286 0.21428571428571 0.07142857142857 -0.14818522527926833
0.5 0.07142857142857 0.07142857142857 -0.14818522527926833
0.07142857142857 0.07142857142857 0.35714285714286 -0.14818522527926833
0.07142857142857 0.21428571428571 0.21428571428571 -0.14818522527926833
0.07142857142857 0.35714285714286 0.07142857142857 -0.14818522527926833
0.21428571428571 0.07142857142857 0.21428571428571 -0.14818522527926833
0.21428571428571 0.21428571428571 0.07142857142857 -0.14818522527926833
0.35714285714286 0.07142857142857 0.07142857142857 -0.14818522527926833
0.07142857142857 0.07142857142857 0.21428571428571 -0.14818522527926833
0.07142857142857 0.21428571428571 0.07142857142857 -0.14818522527926833
0.21428571428571 0.07142857142857 0.07142857142857 -0.14818522527926833
0.07142857142857 0.07142857142857 0.07142857142857 -0.14818522527926833
0.08333333333333 0.08333333333333 0.75 0.14981589838733167
0.08333333333333 0.25 0.58333333333333 0.14981589838733167
0.08333333333333 0.41666666666667 0.41666666666667 0.14981589838733167
0.08333333333333 0.58333333333333 0.25 0.14981589838733167
0.08333333333333 0.75 0.08333333333333 0.14981589838733167
0.25 0.08333333333333 0.58333333333333 0.14981589838733167
0.25 0.25 0.41666666666667 0.14981589838733167
0.25 0.41666666666667 0.25 0.14981589838733167
0.25 0.58333333333333 0.08333333333333 0.14981589838733167
0.41666666666667 0.08333333333333 0.41666666666667 0.14981589838733167
0.41666666666667 0.25 0.25 0.14981589838733167
0.41666666666667 0.41666666666667 0.08333333333333 0.14981589838733167
0.58333333333333 0.08333333333333 0.25 0.14981589838733167
0.58333333333333 0.25 0.08333333333333 0.14981589838733167
0.75 0.08333333333333 0.08333333333333 0.14981589838733167
0.08333333333333 0.08333333333333 0.58333333333333 0.14981589838733167
0.08333333333333 0.25 0.41666666666667 0.14981589838733167
0.08333333333333 0.41666666666667 0.25 0.14981589838733167
0.08333333333333 0.58333333333333 0.08333333333333 0.14981589838733167
0.25 0.08333333333333 0.41666666666667 0.14981589838733167
0.25 0.25 0.25 0.14981589838733167
0.25 0.41666666666667 0.08333333333333 0.14981589838733167
0.41666666666667 0.08333333333333 0.25 0.14981589838733167
0.41666666666667 0.25 0.08333333333333 0.14981589838733167
0.58333333333333 0.08333333333333 0.08333333333333 0.14981589838733167
0.08333333333333 0.08333333333333 0.41666666666667 0.14981589838733167
0.08333333333333 0.25 0.25 0.14981589838733167
0.08333333333333 0.41666666666667 0.08333333333333 0.14981589838733167
0.25 0.08333333333333 0.25 0.14981589838733167
0.25 0.25 0.08333333333333 0.14981589838733167
0.41666666666667 0.08333333333333 0.08333333333333 0.14981589838733167
0.08333333333333 0.08333333333333 0.25 0.14981589838733167
0.08333333333333 0.25 0.08333333333333 0.14981589838733167
0.25 0.08333333333333 0.08333333333333 0.14981589838733167
0.08333333333333 0.08333333333333 0.08333333333333 0.14981589838733167
0.1 0.1 0.7 -0.065344416653735
0.1 0.3 0.5 -0.065344416653735
0.1 0.5 0.3 -0.065344416653735
0.1 0.7 0.1 -0.065344416653735
0.3 0.1 0.5 -0.065344416653735
0.3 0.3 0.3 -0.065344416653735
0.3 0.5 0.1 -0.065344416653735
0.5 0.1 0.3 -0.065344416653735
0.5 0.3 0.1 -0.065344416653735
0.7 0.1 0.1 -0.065344416653735
0.1 0.1 0.5 -0.065344416653735
0.1 0.3 0.3 -0.065344416653735
0.1 0.5 0.1 -0.065344416653735
0.3 0.1 0.3 -0.065344416653735
0.3 0.3 0.1 -0.065344416653735
0.5 0.1 0.1 -0.065344416653735
0.1 0.1 0.3 -0.065344416653735
0.1 0.3 0.1 -0.065344416653735
0.3 0.1 0.1 -0.065344416653735
0.1 0.1 0.1 -0.065344416653735
0.125 0.125 0.625 0.011675128712166666
0.125 0.375 0.375 0.011675128712166666
0.125 0.625 0.125 0.011675128712166666
0.375 0.125 0.375 0.011675128712166666
0.375 0.375 0.125 0.011675128712166666
0.625 0.125 0.125 0.011675128712166666
0.125 0.125 0.375 0.011675128712166666
0.125 0.375 0.125 0.011675128712166666
0.375 0.125 0.125 0.011675128712166666
0.125 0.125 0.125 0.011675128712166666
0.16666666666667 0.16666666666667 0.5 -0.0006656858766233333
0.16666666666667 0.5 0.16666666666667 -0.0006656858766233333
0.5 0.16666666666667 0.16666666666667 -0.0006656858766233333
0.16666666666667 0.16666666666667 0.16666666666667 -0.0006656858766233333
0.25 0.25 0.25 6.270821075e-6
rule 3 13 210
0.0625 0.0625 0.8125 0.05255090901651833
0.0625 0.1875 0.6875 0.05255090901651833
0.0625 0.3125 0.5625 0.05255090901651833
0.0625 0.4375 0.4375 0.05255090901651833
0.0625 0.5625 0.3125 0.05255090901651833
0.0625 0.6875 0.1875 0.05255090901651833
0.0625 0.8125 0.0625 0.05255090901651833
0.1875 0.0625 0.6875 0.05255090901651833
0.1875 0.1875 0.5625 0.05255090901651833
0.1875 0.3125 0.4375 0.05255090901651833
0.1875 0.4375 0.3125 0.05255090901651833
0.1875 0.5625 0.1875 0.05255090901651833
0.1875 0.6875 0.0625 0.05255090901651833
0.3125 0.0625 0.5625 0.05255090901651833
0.3125 0.1875 0.4375 0.05255090901651833
0.3125 0.3125 0.3125 0.05255090901651833
0.3125 0.4375 0.1875 0.05255090901651833
0.3125 0.5625 0.0625 0.05255090901651833
0.4375 0.0625 0.4375 0.05255090901651833
0.4375 0.1875 0.3125 0.05255090901651833
0.4375 0.3125 0.1875 0.05255090901651833
0.4375 0.4375 0.0625 0.05255090901651833
0.5625 0.0625 0.3125 0.05255090901651833
0.5625 0.1875 0.1875 0.05255090901651833
0.5625 0.3125 0.0625 0.05255090901651833
0.6875 0.0625 0.1875 0.05255090901651833
0.6875 0.1875 0.0625 0.05255090901651833
0.8125 0.0625 0.0625 0.05255090901651833
0.0625 0.0625 0.6875 0.05255090901651833
0.0625 0.1875 0.5625 0.05255090901651833
0.0625 0.3125 0.4375 0.05255090901651833
0.0625 0.4375 0.3125 0.05255090901651833
0.0625 0.5625 0.1875 0.05255090901651833
0.0625 0.6875 0.0625 0.05255090901651833
0.1875 0.0625 0.5625 0.05255090901651833
0.1875 0.1875 0.4375 0.05255090901651833
0.1875 0.3125 0.3125 0.05255090901651833
0.1875 0.4375 0.1875 0.05255090901651833
0.1875 0.5625 0.0625 0.05255090901651833
0.3125 0.0625 0.4375 0.05255090901651833
0.3125 0.1875 0.3125 0.05255090901651833
0.3125 0.3125 0.1875 0.05255090901651833
0.3125 0.4375 0.0625 0.05255090901651833
0.4375 0.0625 0.3125 0.05255090901651833
0.4375 0.1875 0.1875 0.05255090901651833
0.4375 0.3125 0.0625 0.05255090901651833
0.5625 0.0625 0.1875 0.05255090901651833
0.5625 0.1875 0.0625 0.05255090901651833
0.6875 0.0625 0.0625 0.05255090901651833
0.0625 0.0625 0.5625 0.05255090901651833
0.0625 0.1875 0.4375 0.05255090901651833
0.0625 0.3125 0.3125 0.05255090901651833
0.0625 0.4375 0.1875 0.05255090901651833
0.0625 0.5625 0.0625 0.05255090901651833
0.1875 0.0625 0.4375 0.05255090901651833
0.1875 0.1875 0.3125 0.05255090901651833
0.1875 0.3125 0.1875 0.05255090901651833
0.1875 0.4375 0.0625 0.05255090901651833
0.3125 0.0625 0.3125 0.05255090901651833
0.3125 0.1875 0.1875 0.05255090901651833
0.3125 0.3125 0.0625 0.05255090901651833
0.4375 0.0625 0.1875 0.05255090901651833
0.4375 0.1875 0.0625 0.05255090901651833
0.5625 0.0625 0.0625 0.05255090901651833
0.0625 0.0625 0.4375 0.05255090901651833
0.0625 0.1875 0.3125 0.05255090901651833
0.0625 0.3125 0.1875 0.05255090901651833
0.0625 0.4375 0.0625 0.05255090901651833
0.1875 0.0625 0.3125 0.05255090901651833
0.1875 0.1875 0.1875 0.05255090901651833
0.1875 0.3125 0.0625 0.05255090901651833
0.3125 0.0625 0.1875 0.05255090901651833
0.3125 0.1875 0.0625 0.05255090901651833
0.4375 0.0625 0.0625 0.05255090901651833
0.0625 0.0625 0.3125 0.05255090901651833
0.0625 0.1875 0.1875 0.05255090901651833
0.0625 0.3125 0.0625 0.05255090901651833
0.1875 0.0625 0.1875 0.05255090901651833
0.1875 0.1875 0.0625 0.05255090901651833
0.3125 0.0625 0.0625 0.05255090901651833
0.0625 0.0625 0.1875 0.05255090901651833
0.0625 0.1875 0.0625 0.05255090901651833
0.1875 0.0625 0.0625 0.05255090901651833
0.0625 0.0625 0.0625 0.05255090901651833
0.07142857142857 0.07142857142857 0.78571428571429 -0.14818522527926833
0.07142857142857 0.21428571428571 0.64285714285714 -0.14818522527926833
0.07142857142857 0.35714285714286 0.5 -0.14818522527926833
0.07142857142857 0.5 0.35714285714286 -0.14818522527926833
0.07142857142857 0.64285714285714 0.21428571428571 -0.14818522527926833
0.07142857142857 0.78571428571429 0.07142857142857 -0.14818522527926833
0.21428571428571 0.07142857142857 0.64285714285714 -0.14818522527926833
0.21428571428571 0.21428571428571 0.5 -0.14818522527926833
0.21428571428571 0.35714285714286 0.35714285714286 -0.14818522527926833
0.21428571428571 0.5 0.21428571428571 -0.14818522527926833
0.21428571428571 0.64285714285714 0.07142857142857 -0.14818522527926833
0.35714285714286 0.07142857142857 0.5 -0.14818522527926833
0.35714285714286 0.21428571428571 0.35714285714286 -0.14818522527926833
0.35714285714286 0.35714285714286 0.21428571428571 -0.14818522527926833
0.35714285714286 0.5 0.07142857142857 -0.14818522527926833
0.5 0.07142857142857 0.35714285714286 -0.14818522527926833
0.5 0.21428571428571 0.21428571428571 -0.14818522527926833
0.5 0.35714285714286 0.07142857142857 -0.14818522527926833
0.64285714285714 0.07142857142857 0.21428571428571 -0.14818522527926833
0.64285714285714 0.21428571428571 0.07142857142857 -0.14818522527926833
0.78571428571429 0.07142857142857 0.07142857142857 -0.14818522527926833
0.07142857142857 0.07142857142857 0.64285714285714 -0.14818522527926833
0.07142857142857 0.21428571428571 0.5 -0.14818522527926833
0.07142857142857 0.35714285714286 0.35714285714286 -0.14818522527926833
0.07142857142857 0.5 0.21428571428571 -0.14818522527926833
0.07142857142857 0.64285714285714 0.07142857142857 -0.14818522527926833
0.21428571428571 0.07142857142857 0.5 -0.14818522527926833
0.21428571428571 0.21428571428571 0.35714285714286 -0.14818522527926833
0.21428571428571 0.35714285714286 0.21428571428571 -0.14818522527926833
0.21428571428571 0.5 0.07142857142857 -0.14818522527926833
0.35714285714286 0.07142857142857 0.35714285714286 -0.14818522527926833
0.35714285714286 0.21428571428571 0.21428571428571 -0.14818522527926833
0.35714285714286 0.35714285714286 0.07142857142857 -0.14818522527926833
0.5 0.07142857142857 0.21428571428571 -0.14818522527926833
0.5 0.21428571428571 0.07142857142857 -0.14818522527926833
0.64285714285714 0.07142857142857 0.07142857142857 -0.14818522527926833
0.07142857142857 0.07142857142857 0.5 -0.14818522527926833
0.07142857142857 0.21428571428571 0.35714285714286 -0.14818522527926833
0.07142857142857 0.35714285714286 0.21428571428571 -0.14818522527926833
0.07142857142857 0.5 0.07142857142857 -0.14818522527926833
0.21428571428571 0.07142857142857 0.35714285714286 -0.14818522527926833
0.21428571428571 0.21428571428571 0.21428571428571 -0.14818522527926833
0.21428571428571 0.35714285714286 0.07142857142857 -0.14818522527926833
0.35714285714286 0.07142857142857 0.21428571428571 -0.14818522527926833
0.35714285714286 0.21428571428571 0.07142857142857 -0.14818522527926833
0.5 0.07142857142857 0.07142857142857 -0.14818522527926833
0.07142857142857 0.07142857142857 0.35714285714286 -0.14818522527926833
0.07142857142857 0.21428571428571 0.21428571428571 -0.14818522527926833
0.07142857142857 0.35714285714286 0.07142857142857 -0.14818522527926833
0.21428571428571 0.07142857142857 0.21428571428571 -0.14818522527926833
0.21428571428571 0.21428571428571 0.07142857142857 -0.14818522527926833
0.35714285714286 0.07142857142857 0.07142857142857 -0.14818522527926833
0.07142857142857 0.07142857142857 0.21428571428571 -0.14818522527926833
0.07142857142857 0.21428571428571 0.07142857142857 -0.14818522527926833
0.21428571428571 0.07142857142857 0.07142857142857 -0.14818522527926833
0.07142857142857 0.07142857142857 0.07142857142857 -0.14818522527926833
0.08333333333333 0.08333333333333 0.75 0.14981589838733167
0.08333333333333 0.25 0.58333333333333 0.14981589838733167
0.08333333333333 0.41666666666667 0.41666666666667 0.14981589838733167
0.08333333333333 0.58333333333333 0.25 0.14981589838733167
0.08333333333333 0.75 0.08333333333333 0.14981589838733167
0.25 0.08333333333333 0.58333333333333 0.14981589838733167
0.25 0.25 0.41666666666667 0.14981589838733167
0.25 0.41666666666667 0.25 0.14981589838733167
0.25 0.58333333333333 0.08333333333333 0.14981589838733167
0.41666666666667 0.08333333333333 0.41666666666667 0.14981589838733167
0.41666666666667 0.25 0.25 0.14981589838733167
0.41666666666667 0.41666666666667 0.08333333333333 0.14981589838733167
0.58333333333333 0.08333333333333 0.25 0.14981589838733167
0.58333333333333 0.25 0.08333333333333 0.14981589838733167
0.75 0.08333333333333 0.08333333333333 0.14981589838733167
0.08333333333333 0.08333333333333 0.58333333333333 0.14981589838733167
0.08333333333333 0.25 0.41666666666667 0.14981589838733167
0.08333333333333 0.41666666666667 0.25 0.14981589838733167
0.08333333333333 0.58333333333333 0.08333333333333 0.14981589838733167
0.25 0.08333333333333 0.41666666666667 0.14981589838733167
0.25 0.25 0.25 0.14981589838733167
0.25 0.41666666666667 0.08333333333333 0.14981589838733167
0.41666666666667 0.08333333333333 0.25 0.14981589838733167
0.41666666666667 0.25 0.08333333333333 0.14981589838733167
0.58333333333333 0.08333333333333 0.08333333333333 0.14981589838733167
0.08333333333333 0.08333333333333 0.41666666666667 0.14981589838733167
0.08333333333333 0.25 0.25 0.14981589838733167
0.08333333333333 0.41666666666667 0.08333333333333 0.14981589838733167
0.25 0.08333333333333 0.25 0.14981589838733167
0.25 0.25 0.08333333333333 0.14981589838733167
0.41666666666667 0.08333333333333 0.08333333333333 0.14981589838733167
0.08333333333333 0.08333333333333 0.25 0.14981589838733167
0.08333333333333 0.25 0.08333333333333 0.14981589838733167
0.25 0.08333333333333 0.08333333333333 0.14981589838733167
0.08333333333333 0.08333333333333 0.08333333333333 0.14981589838733167
0.1 0.1 0.7 -0.065344416653735
0.1 0.3 0.5 -0.065344416653735
0.1 0.5 0.3 -0.065344416653735
0.1 0.7 0.1 -0.065344416653735
0.3 0.1 0.5 -0.065344416653735
0.3 0.3 0.3 -0.065344416653735
0.3 0.5 0.1 -0.065344416653735
0.5 0.1 0.3 -0.065344416653735
0.5 0.3 0.1 -0.065344416653735
0.7 0.1 0.1 -0.065344416653735
0.1 0.1 0.5 -0.065344416653735
0.1 0.3 0.3 -0.065344416653735
0.1 0.5 0.1 -0.065344416653735
0.3 0.1 0.3 -0.065344416653735
0.3 0.3 0.1 -0.065344416653735
0.5 0.1 0.1 -0.065344416653735
0.1 0.1 0.3 -0.065344416653735
0.1 0.3 0.1 -0.065344416653735
0.3 0.1 0.1 -0.065344416653735
0.1 0.1 0.1 -0.065344416653735
0.125 0.125 0.625 0.011675128712166666
0.125 0.375 0.375 0.011675128712166666
0.125 0.625 0.125 0.011675128712166666
0.375 0.125 0.375 0.011675128712166666
0.375 0.375 0.125 0.011675128712166666
0.625 0.125 0.125 0.011675128712166666
0.125 0.125 0.375 0.011675128712166666
0.125 0.375 0.125 0.011675128712166666
0.375 0.125 0.125 0.011675128712166666
0.125 0.125 0.125 0.011675128712166666
0.16666666666667 0.16666666666667 0.5 -0.0006656858766233333
0.16666666666667 0.5 0.16666666666667 -0.0006656858766233333
0.5 0.16666666666667 0.16666666666667 -0.0006656858766233333
0.16666666666667 0.16666666666667 0.16666666666667 -0.0006656858766233333
0.25 0.25 0.25 6.270821075e-6
rule 3 14 330
0.05555555555556 0.05555555555556 0.83333333333333 0.06431712410365
0.05555555555556 0.16666666666667 0.72222222222222 0.06431712410365
0.05555555555556 0.27777777777778 0.61111111111111 0.06431712410365
0.05555555555556 0.38888888888889 0.5 0.06431712410365
0.05555555555556 0.5 0.38888888888889 0.06431712410365
0.05555555555556 0.61111111111111 0.27777777777778 0.06431712410365
0.05555555555556 0.72222222222222 0.16666666666667 0.06431712410365
0.05555555555556 0.83333333333333 0.05555555555556 0.06431712410365
0.16666666666667 0.05555555555556 0.72222222222222 0.06431712410365
0.16666666666667 0.16666666666667 0.61111111111111 0.06431712410365
0.16666666666667 0.27777777777778 0.5 0.06431712410365
0.16666666666667 0.38888888888889 0.38888888888889 0.06431712410365
0.16666666666667 0.5 0.27777777777778 0.06431712410365
0.16666666666667 0.61111111111111 0.16666666666667 0.06431712410365
0.16666666666667 0.72222222222222 0.05555555555556 0.06431712410365
0.27777777777778 0.05555555555556 0.61111111111111 0.06431712410365
0.27777777777778 0.16666666666667 0.5 0.06431712410365
0.27777777777778 0.27777777777778 0.38888888888889 0.06431712410365
0.27777777777778 0.38888888888889 0.27777777777778 0.06431712410365
0.27777777777778 0.5 0.16666666666667 0.06431712410365
0.27777777777778 0.61111111111111 0.05555555555556 0.06431712410365
0.38888888888889 0.05555555555556 0.5 0.06431712410365
0.38888888888889 0.16666666666667 0.38888888888889 0.06431712410365
0.38888888888889 0.27777777777778 0.27777777777778 0.06431712410365
0.38888888888889 0.38888888888889 0.16666666666667 0.06431712410365
0.38888888888889 0.5 0.05555555555556 0.06431712410365
0.5 0.05555555555556 0.38888888888889 0.06431712410365
0.5 0.16666666666667 0.27777777777778 0.06431712410365
0.5 0.27777777777778 0.16666666666667 0.06431712410365
0.5 0.38888888888889 0.05555555555556 0.06431712410365
0.61111111111111 0.05555555555556 0.27777777777778 0.06431712410365
0.61111111111111 0.16666666666667 0.16666666666667 0.06431712410365
0.61111111111111 0.27777777777778 0.05555555555556 0.06431712410365
0.72222222222222 0.05555555555556 0.16666666666667 0.06431712410365
0.72222222222222 0.16666666666667 0.05555555555556 0.06431712410365
0.83333333333333 0.05555555555556 0.05555555555556 0.06431712410365
0.05555555555556 0.05555555555556 0.72222222222222 0.06431712410365
0.05555555555556 0.16666666666667 0.61111111111111 0.06431712410365
0.05555555555556 0.27777777777778 0.5 0.06431712410365
0.05555555555556 0.38888888888889 0.38888888888889 0.06431712410365
0.05555555555556 0.5 0.27777777777778 0.06431712410365
0.05555555555556 0.61111111111111 0.16666666666667 0.06431712410365
0.05555555555556 0.72222222222222 0.05555555555556 0.06431712410365
0.16666666666667 0.05555555555556 0.61111111111111 0.06431712410365
0.16666666666667 0.16666666666667 0.5 0.06431712410365
0.16666666666667 0.27777777777778 0.38888888888889 0.06431712410365
0.16666666666667 0.38888888888889 0.27777777777778 0.06431712410365
0.16666666666667 0.5 0.16666666666667 0.06431712410365
0.16666666666667 0.61111111111111 0.05555555555556 0.06431712410365
0.27777777777778 0.05555555555556 0.5 0.06431712410365
0.27777777777778 0.16666666666667 0.38888888888889 0.06431712410365
0.27777777777778 0.27777777777778 0.27777777777778 0.06431712410365
0.27777777777778 0.38888888888889 0.16666666666667 0.06431712410365
0.27777777777778 0.5 0.05555555555556 0.06431712410365
0.38888888888889 0.05555555555556 0.38888888888889 0.06431712410365
0.38888888888889 0.16666666666667 0.27777777777778 0.06431712410365
0.38888888888889 0.27777777777778 0.16666666666667 0.06431712410365
0.38888888888889 0.38888888888889 0.05555555555556 0.06431712410365
0.5 0.05555555555556 0.27777777777778 0.06431712410365
0.5 0.16666666666667 0.16666666666667 0.06431712410365
0.5 0.27777777777778 0.05555555555556 0.06431712410365
0.61111111111111 0.05555555555556 0.16666666666667 0.06431712410365
0.61111111111111 0.16666666666667 0.05555555555556 0.06431712410365
0.72222222222222 0.05555555555556 0.05555555555556 0.06431712410365
0.05555555555556 0.05555555555556 0.61111111111111 0.06431712410365
0.05555555555556 0.16666666666667 0.5 0.06431712410365
0.05555555555556 0.27777777777778 0.38888888888889 0.06431712410365
0.05555555555556 0.38888888888889 0.27777777777778 0.06431712410365
0.05555555555556 0.5 0.16666666666667 0.06431712410365
0.05555555555556 0.61111111111111 0.05555555555556 0.06431712410365
0.16666666666667 0.05555555555556 0.5 0.06431712410365
0.16666666666667 0.16666666666667 0.38888888888889 0.06431712410365
0.16666666666667 0.27777777777778 0.27777777777778 0.06431712410365
0.16666666666667 0.38888888888889 0.16666666666667 0.06431712410365
0.16666666666667 0.5 0.05555555555556 0.06431712410365
0.27777777777778 0.05555555555556 0.38888888888889 0.06431712410365
0.27777777777778 0.16666666666667 0.27777777777778 0.06431712410365
0.27777777777778 0.27777777777778 0.16666666666667 0.06431712410365
0.27777777777778 0.38888888888889 0.05555555555556 0.06431712410365
0.38888888888889 0.05555555555556 0.27777777777778 0.06431712410365
0.38888888888889 0.16666666666667 0.16666666666667 0.06431712410365
0.38888888888889 0.27777777777778 0.05555555555556 0.06431712410365
0.5 0.05555555555556 0.16666666666667 0.06431712410365
0.5 0.16666666666667 0.05555555555556 0.06431712410365
0.61111111111111 0.05555555555556 0.05555555555556 0.06431712410365
0.05555555555556 0.05555555555556 0.5 0.06431712410365
0.05555555555556 0.16666666666667 0.38888888888889 0.06431712410365
0.05555555555556 0.27777777777778 0.27777777777778 0.06431712410365
0.05555555555556 0.38888888888889 0.16666666666667 0.06431712410365
0.05555555555556 0.5 0.05555555555556 0.06431712410365
0.16666666666667 0.05555555555556 0.38888888888889 0.06431712410365
0.16666666666667 0.16666666666667 0.27777777777778 0.06431712410365
0.16666666666667 0.27777777777778 0.16666666666667 0.06431712410365
0.16666666666667 0.38888888888889 0.05555555555556 0.06431712410365
0.27777777777778 0.05555555555556 0.27777777777778 0.06431712410365
0.27777777777778 0.16666666666667 0.16666666666667 0.06431712410365
0.27777777777778 0.27777777777778 0.05555555555556 0.06431712410365
0.38888888888889 0.05555555555556 0.16666666666667 0.06431712410365
0.38888888888889 0.16666666666667 0.05555555555556 0.06431712410365
0.5 0.05555555555556 0.05555555555556 0.06431712410365
0.05555555555556 0.05555555555556 0.38888888888889 0.06431712410365
0.05555555555556 0.16666666666667 0.27777777777778 0.06431712410365
0.05555555555556 0.27777777777778 0.16666666666667 0.06431712410365
0.05555555555556 0.38888888888889 0.05555555555556 0.06431712410365
0.16666666666667 0.05555555555556 0.27777777777778 0.06431712410365
0.16666666666667 0.16666666666667 0.16666666666667 0.06431712410365
0.16666666666667 0.27777777777778 0.05555555555556 0.06431712410365
0.27777777777778 0.05555555555556 0.16666666666667 0.06431712410365
0.27777777777778 0.16666666666667 0.05555555555556 0.06431712410365
0.38888888888889 0.05555555555556 0.05555555555556 0.06431712410365
0.05555555555556 0.05555555555556 0.27777777777778 0.06431712410365
0.05555555555556 0.16666666666667 0.16666666666667 0.06431712410365
0.05555555555556 0.27777777777778 0.05555555555556 0.06431712410365
0.16666666666667 0.05555555555556 0.16666666666667 0.06431712410365
0.16666666666667 0.16666666666667 0.05555555555556 0.06431712410365
0.27777777777778 0.05555555555556 0.05555555555556 0.06431712410365
0.05555555555556 0.05555555555556 0.16666666666667 0.06431712410365
0.05555555555556 0.16666666666667 0.05555555555556 0.06431712410365
0.16666666666667 0.05555555555556 0.05555555555556 0.06431712410365
0.05555555555556 0.05555555555556 0.05555555555556 0.06431712410365
0.0625 0.0625 0.8125 -0.19783871629745334
0.0625 0.1875 0.6875 -0.19783871629745334
0.0625 0.3125 0.5625 -0.19783871629745334
0.0625 0.4375 0.4375 -0.19783871629745334
0.0625 0.5625 0.3125 -0.19783871629745334
0.0625 0.6875 0.1875 -0.19783871629745334
0.0625 0.8125 0.0625 -0.19783871629745334
0.1875 0.0625 0.6875 -0.19783871629745334
0.1875 0.1875 0.5625 -0.19783871629745334
0.1875 0.3125 0.4375 -0.19783871629745334
0.1875 0.4375 0.3125 -0.19783871629745334
0.1875 0.5625 0.1875 -0.19783871629745334
0.1875 0.6875 0.0625 -0.19783871629745334
0.3125 0.0625 0.5625 -0.19783871629745334
0.3125 0.1875 0.4375 -0.19783871629745334
0.3125 0.3125 0.3125 -0.19783871629745334
0.3125 0.4375 0.1875 -0.19783871629745334
0.3125 0.5625 0.0625 -0.19783871629745334
0.4375 0.0625 0.4375 -0.19783871629745334
0.4375 0.1875 0.3125 -0.19783871629745334
0.4375 0.3125 0.1875 -0.19783871629745334
0.4375 0.4375 0.0625 -0.19783871629745334
0.5625 0.0625 0.3125 -0.19783871629745334
0.5625 0.1875 0.1875 -0.19783871629745334
0.5625 0.3125 0.0625 -0.19783871629745334
0.6875 0.0625 0.1875 -0.19783871629745334
0.6875 0.1875 0.0625 -0.19783871629745334
0.8125 0.0625 0.0625 -0.19783871629745334
0.0625 0.0625 0.6875 -0.19783871629745334
0.0625 0.1875 0.5625 -0.19783871629745334
0.0625 0.3125 0.4375 -0.19783871629745334
0.0625 0.4375 0.3125 -0.19783871629745334
0.0625 0.5625 0.1875 -0.19783871629745334
0.0625 0.6875 0.0625 -0.19783871629745334
0.1875 0.0625 0.5625 -0.19783871629745334
0.1875 0.1875 0.4375 -0.19783871629745334
0.1875 0.3125 0.3125 -0.19783871629745334
0.1875 0.4375 0.1875 -0.19783871629745334
0.1875 0.5625 0.0625 -0.19783871629745334
0.3125 0.0625 0.4375 -0.19783871629745334
0.3125 0.1875 0.3125 -0.19783871629745334
0.3125 0.3125 0.1875 -0.19783871629745334
0.3125 0.4375 0.0625 -0.19783871629745334
0.4375 0.0625 0.3125 -0.19783871629745334
0.4375 0.1875 0.1875 -0.19783871629745334
0.4375 0.3125 0.0625 -0.19783871629745334
0.5625 0.0625 0.1875 -0.19783871629745334
0.5625 0.1875 0.0625 -0.19783871629745334
0.6875 0.0625 0.0625 -0.19783871629745334
0.0625 0.0625 0.5625 -0.19783871629745334
0.0625 0.1875 0.4375 -0.19783871629745334
0.0625 0.3125 0.3125 -0.19783871629745334
0.0625 0.4375 0.1875 -0.19783871629745334
0.0625 0.5625 0.0625 -0.19783871629745334
0.1875 0.0625 0.4375 -0.19783871629745334
0.1875 0.1875 0.3125 -0.19783871629745334
0.1875 0.3125 0.1875 -0.19783871629745334
0.1875 0.4375 0.0625 -0.19783871629745334
0.3125 0.0625 0.3125 -0.19783871629745334
0.3125 0.1875 0.1875 -0.19783871629745334
0.3125 0.3125 0.0625 -0.19783871629745334
0.4375 0.0625 0.1875 -0.19783871629745334
0.4375 0.1875 0.0625 -0.19783871629745334
0.5625 0.0625 0.0625 -0.19783871629745334
0.0625 0.0625 0.4375 -0.19783871629745334
0.0625 0.1875 0.3125 -0.19783871629745334
0.0625 0.3125 0.1875 -0.19783871629745334
0.0625 0.4375 0.0625 -0.19783871629745334
0.1875 0.0625 0.3125 -0.19783871629745334
0.1875 0.1875 0.1875 -0.19783871629745334
0.1875 0.3125 0.0625 -0.19783871629745334
0.3125 0.0625 0.1875 -0.19783871629745334
0.3125 0.1875 0.0625 -0.19783871629745334
0.4375 0.0625 0.0625 -0.19783871629745334
0.0625 0.0625 0.3125 -0.19783871629745334
0.0625 0.1875 0.1875 -0.19783871629745334
0.0625 0.3125 0.0625 -0.19783871629745334
0.1875 0.0625 0.1875 -0.19783871629745334
0.1875 0.1875 0.0625 -0.19783871629745334
0.3125 0.0625 0.0625 -0.19783871629745334
0.0625 0.0625 0.1875 -0.19783871629745334
0.0625 0.1875 0.0625 -0.19783871629745334
0.1875 0.0625 0.0625 -0.19783871629745334
0.0625 0.0625 0.0625 -0.19783871629745334
0.07142857142857 0.07142857142857 0.78571428571429 0.22690862620884666
0.07142857142857 0.21428571428571 0.64285714285714 0.22690862620884666
0.07142857142857 0.35714285714286 0.5 0.22690862620884666
0.07142857142857 0.5 0.35714285714286 0.22690862620884666
0.07142857142857 0.64285714285714 0.21428571428571 0.22690862620884666
0.07142857142857 0.78571428571429 0.07142857142857 0.22690862620884666
0.21428571428571 0.07142857142857 0.64285714285714 0.22690862620884666
0.21428571428571 0.21428571428571 0.5 0.22690862620884666
0.21428571428571 0.35714285714286 0.35714285714286 0.22690862620884666
0.21428571428571 0.5 0.21428571428571 0.22690862620884666
0.21428571428571 0.64285714285714 0.07142857142857 0.22690862620884666
0.35714285714286 0.07142857142857 0.5 0.22690862620884666
0.35714285714286 0.21428571428571 0.35714285714286 0.22690862620884666
0.35714285714286 0.35714285714286 0.21428571428571 0.22690862620884666
0.35714285714286 0.5 0.07142857142857 0.22690862620884666
0.5 0.07142857142857 0.35714285714286 0.22690862620884666
0.5 0.21428571428571 0.21428571428571 0.22690862620884666
0.5 0.35714285714286 0.07142857142857 0.22690862620884666
0.64285714285714 0.07142857142857 0.21428571428571 0.22690862620884666
0.64285714285714 0.21428571428571 0.07142857142857 0.22690862620884666
0.78571428571429 0.07142857142857 0.07142857142857 0.22690862620884666
0.07142857142857 0.07142857142857 0.64285714285714 0.22690862620884666
0.07142857142857 0.21428571428571 0.5 0.22690862620884666
0.07142857142857 0.35714285714286 0.35714285714286 0.22690862620884666
0.07142857142857 0.5 0.21428571428571 0.22690862620884666
0.07142857142857 0.64285714285714 0.07142857142857 0.22690862620884666
0.21428571428571 0.07142857142857 0.5 0.22690862620884666
0.21428571428571 0.21428571428571 0.35714285714286 0.22690862620884666
0.21428571428571 0.35714285714286 0.21428571428571 0.22690862620884666
0.21428571428571 0.5 0.07142857142857 0.22690862620884666
0.35714285714286 0.07142857142857 0.35714285714286 0.22690862620884666
0.35714285714286 0.21428571428571 0.21428571428571 0.22690862620884666
0.35714285714286 0.35714285714286 0.07142857142857 0.22690862620884666
0.5 0.07142857142857 0.21428571428571 0.22690862620884666
0.5 0.21428571428571 0.07142857142857 0.22690862620884666
0.64285714285714 0.07142857142857 0.07142857142857 0.22690862620884666
0.07142857142857 0.07142857142857 0.5 0.22690862620884666
0.07142857142857 0.21428571428571 0.35714285714286 0.22690862620884666
0.07142857142857 0.35714285714286 0.21428571428571 0.22690862620884666
0.07142857142857 0.5 0.07142857142857 0.22690862620884666
0.21428571428571 0.07142857142857 0.35714285714286 0.22690862620884666
0.21428571428571 0.21428571428571 0.21428571428571 0.22690862620884666
0.21428571428571 0.35714285714286 0.07142857142857 0.22690862620884666
0.35714285714286 0.07142857142857 0.21428571428571 0.22690862620884666
0.35714285714286 0.21428571428571 0.07142857142857 0.22690862620884666
0.5 0.07142857142857 0.07142857142857 0.22690862620884666
0.07142857142857 0.07142857142857 0.35714285714286 0.22690862620884666
0.07142857142857 0.21428571428571 0.21428571428571 0.22690862620884666
0.07142857142857 0.35714285714286 0.07142857142857 0.22690862620884666
0.21428571428571 0.07142857142857 0.21428571428571 0.22690862620884666
0.21428571428571 0.21428571428571 0.07142857142857 0.22690862620884666
0.35714285714286 0.07142857142857 0.07142857142857 0.22690862620884666
0.07142857142857 0.07142857142857 0.21428571428571 0.22690862620884666
0.07142857142857 0.21428571428571 0.07142857142857 0.22690862620884666
0.21428571428571 0.07142857142857 0.07142857142857 0.22690862620884666
0.07142857142857 0.07142857142857 0.07142857142857 0.22690862620884666
0.08333333333333 0.08333333333333 0.75 -0.11985271870984666
0.08333333333333 0.25 0.58333333333333 -0.11985271870984666
0.08333333333333 0.41666666666667 0.41666666666667 -0.11985271870984666
0.08333333333333 0.58333333333333 0.25 -0.11985271870984666
0.08333333333333 0.75 0.08333333333333 -0.11985271870984666
0.25 0.08333333333333 0.58333333333333 -0.11985271870984666
0.25 0.25 0.41666666666667 -0.11985271870984666
0.25 0.41666666666667 0.25 -0.11985271870984666
0.25 0.58333333333333 0.08333333333333 -0.11985271870984666
0.41666666666667 0.08333333333333 0.41666666666667 -0.11985271870984666
0.41666666666667 0.25 0.25 -0.11985271870984666
0.41666666666667 0.41666666666667 0.08333333333333 -0.11985271870984666
0.58333333333333 0.08333333333333 0.25 -0.11985271870984666
0.58333333333333 0.25 0.08333333333333 -0.11985271870984666
0.75 0.08333333333333 0.08333333333333 -0.11985271870984666
0.08333333333333 0.08333333333333 0.58333333333333 -0.11985271870984666
0.08333333333333 0.25 0.41666666666667 -0.11985271870984666
0.08333333333333 0.41666666666667 0.25 -0.11985271870984666
0.08333333333333 0.58333333333333 0.08333333333333 -0.11985271870984666
0.25 0.08333333333333 0.41666666666667 -0.11985271870984666
0.25 0.25 0.25 -0.11985271870984666
0.25 0.41666666666667 0.08333333333333 -0.11985271870984666
0.41666666666667 0.08333333333333 0.25 -0.11985271870984666
0.41666666666667 0.25 0.08333333333333 -0.11985271870984666
0.58333333333333 0.08333333333333 0.08333333333333 -0.11985271870984666
0.08333333333333 0.08333333333333 0.41666666666667 -0.11985271870984666
0.08333333333333 0.25 0.25 -0.11985271870984666
0.08333333333333 0.41666666666667 0.08333333333333 -0.11985271870984666
0.25 0.08333333333333 0.25 -0.11985271870984666
0.25 0.25 0.08333333333333 -0.11985271870984666
0.41666666666667 0.08333333333333 0.08333333333333 -0.11985271870984666
0.08333333333333 0.08333333333333 0.25 -0.11985271870984666
0.08333333333333 0.25 0.08333333333333 -0.11985271870984666
0.25 0.08333333333333 0.08333333333333 -0.11985271870984666
0.08333333333333 0.08333333333333 0.08333333333333 -0.11985271870984666
0.1 0.1 0.7 0.029171614577556668
0.1 0.3 0.5 0.029171614577556668
0.1 0.5 0.3 0.029171614577556668
0.1 0.7 0.1 0.029171614577556668
0.3 0.1 0.5 0.029171614577556668
0.3 0.3 0.3 0.029171614577556668
0.3 0.5 0.1 0.029171614577556668
0.5 0.1 0.3 0.029171614577556668
0.5 0.3 0.1 0.029171614577556668
0.7 0.1 0.1 0.029171614577556668
0.1 0.1 0.5 0.029171614577556668
0.1 0.3 0.3 0.029171614577556668
0.1 0.5 0.1 0.029171614577556668
0.3 0.1 0.3 0.029171614577556668
0.3 0.3 0.1 0.029171614577556668
0.5 0.1 0.1 0.029171614577556668
0.1 0.1 0.3 0.029171614577556668
0.1 0.3 0.1 0.029171614577556668
0.3 0.1 0.1 0.029171614577556668
0.1 0.1 0.1 0.029171614577556668
0.125 0.125 0.625 -0.00287387783684
0.125 0.375 0.375 -0.00287387783684
0.125 0.625 0.125 -0.00287387783684
0.375 0.125 0.375 -0.00287387783684
0.375 0.375 0.125 -0.00287387783684
0.625 0.125 0.125 -0.00287387783684
0.125 0.125 0.375 -0.00287387783684
0.125 0.375 0.125 -0.00287387783684
0.375 0.125 0.125 -0.00287387783684
0.125 0.125 0.125 -0.00287387783684
0.16666666666667 0.16666666666667 0.5 8.321073457833334e-5
0.16666666666667 0.5 0.16666666666667 8.321073457833334e-5
0.5 0.16666666666667 0.16666666666667 8.321073457833334e-5
0.16666666666667 0.16666666666667 0.16666666666667 8.321073457833334e-5
0.25 0.25 0.25 -3.2575693666666663e-7
rule 3 15 330
0.05555555555556 0.05555555555556 0.83333333333333 0.06431712410365
0.05555555555556 0.16666666666667 0.72222222222222 0.06431712410365
0.05555555555556 0.27777777777778 0.61111111111111 0.06431712410365
0.05555555555556 0.38888888888889 0.5 0.06431712410365
0.05555555555556 0.5 0.38888888888889 0.06431712410365
0.05555555555556 0.61111111111111 0.27777777777778 0.06431712410365
0.05555555555556 0.72222222222222 0.16666666666667 0.06431712410365
0.05555555555556 0.83333333333333 0.05555555555556 0.06431712410365
0.16666666666667 0.05555555555556 0.72222222222222 0.06431712410365
0.16666666666667 0.16666666666667 0.61111111111111 0.06431712410365
0.16666666666667 0.27777777777778 0.5 0.06431712410365
0.16666666666667 0.38888888888889 0.38888888888889 0.06431712410365
0.16666666666667 0.5 0.27777777777778 0.06431712410365
0.16666666666667 0.61111111111111 0.16666666666667 0.06431712410365
0.16666666666667 0.72222222222222 0.05555555555556 0.06431712410365
0.27777777777778 0.05555555555556 0.61111111111111 0.06431712410365
0.27777777777778 0.16666666666667 0.5 0.06431712410365
0.27777777777778 0.27777777777778 0.38888888888889 0.06431712410365
0.27777777777778 0.38888888888889 0.27777777777778 0.06431712410365
0.27777777777778 0.5 0.16666666666667 0.06431712410365
0.27777777777778 0.61111111111111 0.05555555555556 0.06431712410365
0.38888888888889 0.05555555555556 0.5 0.06431712410365
0.38888888888889 0.16666666666667 0.38888888888889 0.06431712410365
0.38888888888889 0.27777777777778 0.27777777777778 0.06431712410365
0.38888888888889 0.38888888888889 0.16666666666667 0.06431712410365
0.38888888888889 0.5 0.05555555555556 0.06431712410365
0.5 0.05555555555556 0.38888888888889 0.06431712410365
0.5 0.16666666666667 0.27777777777778 0.06431712410365
0.5 0.27777777777778 0.16666666666667 0.06431712410365
0.5 0.38888888888889 0.05555555555556 0.06431712410365
0.61111111111111 0.05555555555556 0.27777777777778 0.06431712410365
0.61111111111111 0.16666666666667 0.16666666666667 0.06431712410365
0.61111111111111 0.27777777777778 0.05555555555556 0.06431712410365
0.72222222222222 0.05555555555556 0.16666666666667 0.06431712410365
0.72222222222222 0.16666666666667 0.05555555555556 0.06431712410365
0.83333333333333 0.05555555555556 0.05555555555556 0.06431712410365
0.05555555555556 0.05555555555556 0.72222222222222 0.06431712410365
0.05555555555556 0.16666666666667 0.61111111111111 0.06431712410365
0.05555555555556 0.27777777777778 0.5 0.06431712410365
0.05555555555556 0.38888888888889 0.38888888888889 0.06431712410365
0.05555555555556 0.5 0.27777777777778 0.06431712410365
0.05555555555556 0.61111111111111 0.16666666666667 0.06431712410365
0.05555555555556 0.72222222222222 0.05555555555556 0.06431712410365
0.16666666666667 0.05555555555556 0.61111111111111 0.06431712410365
0.16666666666667 0.16666666666667 0.5 0.06431712410365
0.16666666666667 0.27777777777778 0.38888888888889 0.06431712410365
0.16666666666667 0.38888888888889 0.27777777777778 0.06431712410365
0.16666666666667 0.5 0.16666666666667 0.06431712410365
0.16666666666667 0.61111111111111 0.05555555555556 0.06431712410365
0.27777777777778 0.05555555555556 0.5 0.06431712410365
0.27777777777778 0.16666666666667 0.38888888888889 0.06431712410365
0.27777777777778 0.27777777777778 0.27777777777778 0.06431712410365
0.27777777777778 0.38888888888889 0.16666666666667 0.06431712410365
0.27777777777778 0.5 0.05555555555556 0.06431712410365
0.38888888888889 0.05555555555556 0.38888888888889 0.06431712410365
0.38888888888889 0.16666666666667 0.27777777777778 0.06431712410365
0.38888888888889 0.27777777777778 0.16666666666667 0.06431712410365
0.38888888888889 0.38888888888889 0.05555555555556 0.06431712410365
0.5 0.05555555555556 0.27777777777778 0.06431712410365
0.5 0.16666666666667 0.16666666666667 0.06431712410365
0.5 0.27777777777778 0.05555555555556 0.06431712410365
0.61111111111111 0.05555555555556 0.16666666666667 0.06431712410365
0.61111111111111 0.16666666666667 0.05555555555556 0.06431712410365
0.72222222222222 0.05555555555556 0.05555555555556 0.06431712410365
0.05555555555556 0.05555555555556 0.61111111111111 0.06431712410365
0.05555555555556 0.16666666666667 0.5 0.06431712410365
0.05555555555556 0.27777777777778 0.38888888888889 0.06431712410365
0.05555555555556 0.38888888888889 0.27777777777778 0.06431712410365
0.05555555555556 0.5 0.16666666666667 0.06431712410365
0.05555555555556 0.61111111111111 0.05555555555556 0.06431712410365
0.16666666666667 0.05555555555556 0.5 0.06431712410365
0.16666666666667 0.16666666666667 0.38888888888889 0.06431712410365
0.16666666666667 0.27777777777778 0.27777777777778 0.06431712410365
0.16666666666667 0.38888888888889 0.16666666666667 0.06431712410365
0.16666666666667 0.5 0.05555555555556 0.06431712410365
0.27777777777778 0.05555555555556 0.38888888888889 0.06431712410365
0.27777777777778 0.16666666666667 0.27777777777778 0.06431712410365
0.27777777777778 0.27777777777778 0.16666666666667 0.06431712410365
0.27777777777778 0.38888888888889 0.05555555555556 0.06431712410365
0.38888888888889 0.05555555555556 0.27777777777778 0.06431712410365
0.38888888888889 0.16666666666667 0.16666666666667 0.06431712410365
0.38888888888889 0.27777777777778 0.05555555555556 0.06431712410365
0.5 0.05555555555556 0.16666666666667 0.06431712410365
0.5 0.16666666666667 0.05555555555556 0.06431712410365
0.61111111111111 0.05555555555556 0.05555555555556 0.06431712410365
0.05555555555556 0.05555555555556 0.5 0.06431712410365
0.05555555555556 0.16666666666667 0.38888888888889 0.06431712410365
0.05555555555556 0.27777777777778 0.27777777777778 0.06431712410365
0.05555555555556 0.38888888888889 0.16666666666667 0.06431712410365
0.05555555555556 0.5 0.05555555555556 0.06431712410365
0.16666666666667 0.05555555555556 0.38888888888889 0.06431712410365
0.16666666666667 0.16666666666667 0.27777777777778 0.06431712410365
0.16666666666667 0.27777777777778 0.16666666666667 0.06431712410365
0.16666666666667 0.38888888888889 0.05555555555556 0.06431712410365
0.27777777777778 0.05555555555556 0.27777777777778 0.06431712410365
0.27777777777778 0.16666666666667 0.16666666666667 0.06431712410365
0.27777777777778 0.27777777777778 0.05555555555556 0.06431712410365
0.38888888888889 0.05555555555556 0.16666666666667 0.06431712410365
0.38888888888889 0.16666666666667 0.05555555555556 0.06431712410365
0.5 0.05555555555556 0.05555555555556 0.06431712410365
0.05555555555556 0.05555555555556 0.38888888888889 0.06431712410365
0.05555555555556 0.16666666666667 0.27777777777778 0.06431712410365
0.05555555555556 0.27777777777778 0.16666666666667 0.06431712410365
0.05555555555556 0.38888888888889 0.05555555555556 0.06431712410365
0.16666666666667 0.05555555555556 0.27777777777778 0.06431712410365
0.16666666666667 0.16666666666667 0.16666666666667 0.06431712410365
0.16666666666667 0.27777777777778 0.05555555555556 0.06431712410365
0.27777777777778 0.05555555555556 0.16666666666667 0.06431712410365
0.27777777777778 0.16666666666667 0.05555555555556 0.06431712410365
0.38888888888889 0.05555555555556 0.05555555555556 0.06431712410365
0.05555555555556 0.05555555555556 0.27777777777778 0.06431712410365
0.05555555555556 0.16666666666667 0.16666666666667 0.06431712410365
0.05555555555556 0.27777777777778 0.05555555555556 0.06431712410365
0.16666666666667 0.05555555555556 0.16666666666667 0.06431712410365
0.16666666666667 0.16666666666667 0.05555555555556 0.06431712410365
0.27777777777778 0.05555555555556 0.05555555555556 0.06431712410365
0.05555555555556 0.05555555555556 0.16666666666667 0.06431712410365
0.05555555555556 0.16666666666667 0.05555555555556 0.06431712410365
0.16666666666667 0.05555555555556 0.05555555555556 0.06431712410365
0.05555555555556 0.05555555555556 0.05555555555556 0.06431712410365
0.0625 0.0625 0.8125 -0.19783871629745334
0.0625 0.1875 0.6875 -0.19783871629745334
0.0625 0.3125 0.5625 -0.19783871629745334
0.0625 0.4375 0.4375 -0.19783871629745334
0.0625 0.5625 0.3125 -0.19783871629745334
0.0625 0.6875 0.1875 -0.19783871629745334
0.0625 0.8125 0.0625 -0.19783871629745334
0.1875 0.0625 0.6875 -0.19783871629745334
0.1875 0.1875 0.5625 -0.19783871629745334
0.1875 0.3125 0.4375 -0.19783871629745334
0.1875 0.4375 0.3125 -0.19783871629745334
0.1875 0.5625 0.1875 -0.19783871629745334
0.1875 0.6875 0.0625 -0.19783871629745334
0.3125 0.0625 0.5625 -0.19783871629745334
0.3125 0.1875 0.4375 -0.19783871629745334
0.3125 0.3125 0.3125 -0.19783871629745334
0.3125 0.4375 0.1875 -0.19783871629745334
0.3125 0.5625 0.0625 -0.19783871629745334
0.4375 0.0625 0.4375 -0.19783871629745334
0.4375 0.1875 0.3125 -0.19783871629745334
0.4375 0.3125 0.1875 -0.19783871629745334
0.4375 0.4375 0.0625 -0.19783871629745334
0.5625 0.0625 0.3125 -0.19783871629745334
0.5625 0.1875 0.1875 -0.19783871629745334
0.5625 0.3125 0.0625 -0.19783871629745334
0.6875 0.0625 0.1875 -0.19783871629745334
0.6875 0.1875 0.0625 -0.19783871629745334
0.8125 0.0625 0.0625 -0.19783871629745334
0.0625 0.0625 0.6875 -0.19783871629745334
0.0625 0.1875 0.5625 -0.19783871629745334
0.0625 0.3125 0.4375 -0.19783871629745334
0.0625 0.4375 0.3125 -0.19783871629745334
0.0625 0.5625 0.1875 -0.19783871629745334
0.0625 0.6875 0.0625 -0.19783871629745334
0.1875 0.0625 0.5625 -0.19783871629745334
0.1875 0.1875 0.4375 -0.19783871629745334
0.1875 0.3125 0.3125 -0.19783871629745334
0.1875 0.4375 0.1875 -0.19783871629745334
0.1875 0.5625 0.0625 -0.19783871629745334
0.3125 0.0625 0.4375 -0.19783871629745334
0.3125 0.1875 0.3125 -0.19783871629745334
0.3125 0.3125 0.1875 -0.19783871629745334
0.3125 0.4375 0.0625 -0.19783871629745334
0.4375 0.0625 0.3125 -0.19783871629745334
0.4375 0.1875 0.1875 -0.19783871629745334
0.4375 0.3125 0.0625 -0.19783871629745334
0.5625 0.0625 0.1875 -0.19783871629745334
0.5625 0.1875 0.0625 -0.19783871629745334
0.6875 0.0625 0.0625 -0.19783871629745334
0.0625 0.0625 0.5625 -0.19783871629745334
0.0625 0.1875 0.4375 -0.19783871629745334
0.0625 0.3125 0.3125 -0.19783871629745334
0.0625 0.4375 0.1875 -0.19783871629745334
0.0625 0.5625 0.0625 -0.19783871629745334
0.1875 0.0625 0.4375 -0.19783871629745334
0.1875 0.1875 0.3125 -0.19783871629745334
0.1875 0.3125 0.1875 -0.19783871629745334
0.1875 0.4375 0.0625 -0.19783871629745334
0.3125 0.0625 0.3125 -0.19783871629745334
0.3125 0.1875 0.1875 -0.19783871629745334
0.3125 0.3125 0.0625 -0.19783871629745334
0.4375 0.0625 0.1875 -0.19783871629745334
0.4375 0.1875 0.0625 -0.19783871629745334
0.5625 0.0625 0.0625 -0.19783871629745334
0.0625 0.0625 0.4375 -0.19783871629745334
0.0625 0.1875 0.3125 -0.19783871629745334
0.0625 0.3125 0.1875 -0.19783871629745334
0.0625 0.4375 0.0625 -0.19783871629745334
0.1875 0.0625 0.3125 -0.19783871629745334
0.1875 0.1875 0.1875 -0.19783871629745334
0.1875 0.3125 0.0625 -0.19783871629745334
0.3125 0.0625 0.1875 -0.19783871629745334
0.3125 0.1875 0.0625 -0.19783871629745334
0.4375 0.0625 0.0625 -0.19783871629745334
0.0625 0.0625 0.3125 -0.19783871629745334
0.0625 0.1875 0.1875 -0.19783871629745334
0.0625 0.3125 0.0625 -0.19783871629745334
0.1875 0.0625 0.1875 -0.19783871629745334
0.1875 0.1875 0.0625 -0.19783871629745334
0.3125 0.0625 0.0625 -0.19783871629745334
0.0625 0.0625 0.1875 -0.19783871629745334
0.0625 0.1875 0.0625 -0.19783871629745334
0.1875 0.0625 0.0625 -0.19783871629745334
0.0625 0.0625 0.0625 -0.19783871629745334
0.07142857142857 0.07142857142857 0.78571428571429 0.22690862620884666
0.07142857142857 0.21428571428571 0.64285714285714 0.22690862620884666
0.07142857142857 0.35714285714286 0.5 0.22690862620884666
0.07142857142857 0.5 0.35714285714286 0.22690862620884666
0.07142857142857 0.64285714285714 0.21428571428571 0.22690862620884666
0.07142857142857 0.78571428571429 0.07142857142857 0.22690862620884666
0.21428571428571 0.07142857142857 0.64285714285714 0.22690862620884666
0.21428571428571 0.21428571428571 0.5 0.22690862620884666
0.21428571428571 0.35714285714286 0.35714285714286 0.22690862620884666
0.21428571428571 0.5 0.21428571428571 0.22690862620884666
0.21428571428571 0.64285714285714 0.07142857142857 0.22690862620884666
0.35714285714286 0.07142857142857 0.5 0.22690862620884666
0.35714285714286 0.21428571428571 0.35714285714286 0.22690862620884666
0.35714285714286 0.35714285714286 0.21428571428571 0.22690862620884666
0.35714285714286 0.5 0.07142857142857 0.22690862620884666
0.5 0.07142857142857 0.35714285714286 0.22690862620884666
0.5 0.21428571428571 0.21428571428571 0.22690862620884666
0.5 0.35714285714286 0.07142857142857 0.22690862620884666
0.64285714285714 0.07142857142857 0.21428571428571 0.22690862620884666
0.64285714285714 0.21428571428571 0.07142857142857 0.22690862620884666
0.78571428571429 0.07142857142857 0.07142857142857 0.22690862620884666
0.07142857142857 0.07142857142857 0.64285714285714 0.22690862620884666
0.07142857142857 0.21428571428571 0.5 0.22690862620884666
0.07142857142857 0.35714285714286 0.35714285714286 0.22690862620884666
0.07142857142857 0.5 0.21428571428571 0.22690862620884666
0.07142857142857 0.64285714285714 0.07142857142857 0.22690862620884666
0.21428571428571 0.07142857142857 0.5 0.22690862620884666
0.21428571428571 0.21428571428571 0.35714285714286 0.22690862620884666
0.21428571428571 0.35714285714286 0.21428571428571 0.22690862620884666
0.21428571428571 0.5 0.07142857142857 0.22690862620884666
0.35714285714286 0.07142857142857 0.35714285714286 0.22690862620884666
0.35714285714286 0.21428571428571 0.21428571428571 0.22690862620884666
0.35714285714286 0.35714285714286 0.07142857142857 0.22690862620884666
0.5 0.07142857142857 0.21428571428571 0.22690862620884666
0.5 0.21428571428571 0.07142857142857 0.22690862620884666
0.64285714285714 0.07142857142857 0.07142857142857 0.22690862620884666
0.07142857142857 0.07142857142857 0.5 0.22690862620884666
0.07142857142857 0.21428571428571 0.35714285714286 0.22690862620884666
0.07142857142857 0.35714285714286 0.21428571428571 0.22690862620884666
0.07142857142857 0.5 0.07142857142857 0.22690862620884666
0.21428571428571 0.07142857142857 0.35714285714286 0.22690862620884666
0.21428571428571 0.21428571428571 0.21428571428571 0.22690862620884666
0.21428571428571 0.35714285714286 0.07142857142857 0.22690862620884666
0.35714285714286 0.07142857142857 0.21428571428571 0.22690862620884666
0.35714285714286 0.21428571428571 0.07142857142857 0.22690862620884666
0.5 0.07142857142857 0.07142857142857 0.22690862620884666
0.07142857142857 0.07142857142857 0.35714285714286 0.22690862620884666
0.07142857142857 0.21428571428571 0.21428571428571 0.22690862620884666
0.07142857142857 0.35714285714286 0.07142857142857 0.22690862620884666
0.21428571428571 0.07142857142857 0.21428571428571 0.22690862620884666
0.21428571428571 0.21428571428571 0.07142857142857 0.22690862620884666
0.35714285714286 0.07142857142857 0.07142857142857 0.22690862620884666
0.07142857142857 0.07142857142857 0.21428571428571 0.22690862620884666
0.07142857142857 0.21428571428571 0.07142857142857 0.22690862620884666
0.21428571428571 0.07142857142857 0.07142857142857 0.22690862620884666
0.07142857142857 0.07142857142857 0.07142857142857 0.22690862620884666
0.08333333333333 0.08333333333333 0.75 -0.11985271870984666
0.08333333333333 0.25 0.58333333333333 -0.11985271870984666
0.08333333333333 0.41666666666667 0.41666666666667 -0.11985271870984666
0.08333333333333 0.58333333333333 0.25 -0.11985271870984666
0.08333333333333 0.75 0.08333333333333 -0.11985271870984666
0.25 0.08333333333333 0.58333333333333 -0.11985271870984666
0.25 0.25 0.41666666666667 -0.11985271870984666
0.25 0.41666666666667 0.25 -0.11985271870984666
0.25 0.58333333333333 0.08333333333333 -0.11985271870984666
0.41666666666667 0.08333333333333 0.41666666666667 -0.11985271870984666
0.41666666666667 0.25 0.25 -0.11985271870984666
0.41666666666667 0.41666666666667 0.08333333333333 -0.11985271870984666
0.58333333333333 0.08333333333333 0.25 -0.11985271870984666
0.58333333333333 0.25 0.08333333333333 -0.11985271870984666
0.75 0.08333333333333 0.08333333333333 -0.11985271870984666
0.08333333333333 0.08333333333333 0.58333333333333 -0.11985271870984666
0.08333333333333 0.25 0.41666666666667 -0.11985271870984666
0.08333333333333 0.41666666666667 0.25 -0.11985271870984666
0.08333333333333 0.58333333333333 0.08333333333333 -0.11985271870984666
0.25 0.08333333333333 0.41666666666667 -0.11985271870984666
0.25 0.25 0.25 -0.11985271870984666
0.25 0.41666666666667 0.08333333333333 -0.11985271870984666
0.41666666666667 0.08333333333333 0.25 -0.11985271870984666
0.41666666666667 0.25 0.08333333333333 -0.11985271870984666
0.58333333333333 0.08333333333333 0.08333333333333 -0.11985271870984666
0.08333333333333 0.08333333333333 0.41666666666667 -0.11985271870984666
0.08333333333333 0.25 0.25 -0.11985271870984666
0.08333333333333 0.41666666666667 0.08333333333333 -0.11985271870984666
0.25 0.08333333333333 0.25 -0.11985271870984666
0.25 0.25 0.08333333333333 -0.11985271870984666
0.41666666666667 0.08333333333333 0.08333333333333 -0.11985271870984666
0.08333333333333 0.08333333333333 0.25 -0.11985271870984666
0.08333333333333 0.25 0.08333333333333 -0.11985271870984666
0.25 0.08333333333333 0.08333333333333 -0.11985271870984666
0.08333333333333 0.08333333333333 0.08333333333333 -0.11985271870984666
0.1 0.1 0.7 0.029171614577556668
0.1 0.3 0.5 0.029171614577556668
0.1 0.5 0.3 0.029171614577556668
0.1 0.7 0.1 0.029171614577556668
0.3 0.1 0.5 0.029171614577556668
0.3 0.3 0.3 0.029171614577556668
0.3 0.5 0.1 0.029171614577556668
0.5 0.1 0.3 0.029171614577556668
0.5 0.3 0.1 0.029171614577556668
0.7 0.1 0.1 0.029171614577556668
0.1 0.1 0.5 0.029171614577556668
0.1 0.3 0.3 0.029171614577556668
0.1 0.5 0.1 0.029171614577556668
0.3 0.1 0.3 0.029171614577556668
0.3 0.3 0.1 0.029171614577556668
0.5 0.1 0.1 0.029171614577556668
0.1 0.1 0.3 0.029171614577556668
0.1 0.3 0.1 0.029171614577556668
0.3 0.1 0.1 0.029171614577556668
0.1 0.1 0.1 0.029171614577556668
0.125 0.125 0.625 -0.00287387783684
0.125 0.375 0.375 -0.00287387783684
0.125 0.625 0.125 -0.00287387783684
0.375 0.125 0.375 -0.00287387783684
0.375 0.375 0.125 -0.00287387783684
0.625 0.125 0.125 -0.00287387783684
0.125 0.125 0.375 -0.00287387783684
0.125 0.375 0.125 -0.00287387783684
0.375 0.125 0.125 -0.00287387783684
0.125 0.125 0.125 -0.00287387783684
0.16666666666667 0.16666666666667 0.5 8.321073457833334e-5
0.16666666666667 0.5 0.16666666666667 8.321073457833334e-5
0.5 0.16666666666667 0.16666666666667 8.321073457833334e-5
0.16666666666667 0.16666666666667 0.16666666666667 8.321073457833334e-5
0.25 0.25 0.25 -3.2575693666666663e-7
